PassengerId,Survived,Sex,Age,SibSp,Parch,Fare,Class1,Class2,Class3,Cherbourg,Queenstown,Southampton,Alone,FamSize,SameTickets,Deck_A,Deck_B,Deck_C,Deck_D,Deck_E,Deck_U,Master
1,0,0,0.26975,1,0,0.3381254838661527,0,0,1,0,0,1,0,1,1,0,0,0,0,0,1,0
2,1,1,0.46975,1,0,0.6858916529635944,1,0,0,1,0,0,0,1,1,0,0,1,0,0,0,0
3,1,1,0.31975,0,0,0.3507266966124076,0,0,1,0,0,1,1,0,1,0,0,0,0,0,1,0
4,1,1,0.43224999999999997,1,0,0.6394627518675874,1,0,0,0,0,1,0,1,2,0,0,1,0,0,0,0
5,0,0,0.43224999999999997,0,0,0.35295528405484916,0,0,1,0,0,1,1,0,1,0,0,0,0,0,1,0
6,0,0,0.29474999999999996,0,0,0.3600260242486264,0,0,1,0,1,0,1,0,1,0,0,0,0,0,1,0
7,0,0,0.66975,0,0,0.635754966338881,1,0,0,0,0,1,1,0,1,0,0,0,0,1,0,0
8,0,0,0.01975,3,1,0.495831873839879,0,0,1,0,0,1,0,4,4,0,0,0,0,0,1,1
9,1,1,0.33225,0,2,0.3999337912742492,0,0,1,0,0,1,0,2,3,0,0,0,0,0,1,0
10,1,1,0.16975,1,0,0.5506031046482882,0,1,0,1,0,0,0,1,2,0,0,0,0,0,1,0
11,1,1,0.04475,1,1,0.46043946366130095,0,0,1,0,0,1,0,2,2,0,0,0,0,0,0,0
12,1,1,0.71975,0,0,0.5313325505056177,1,0,0,0,0,1,1,0,1,0,0,1,0,0,0,0
13,0,0,0.24474999999999997,0,0,0.35295528405484916,0,0,1,0,0,1,1,0,1,0,0,0,0,0,1,0
14,0,0,0.48224999999999996,1,5,0.556695873257052,0,0,1,0,0,1,0,6,7,0,0,0,0,0,1,0
15,0,1,0.16975,0,0,0.3494505372759428,0,0,1,0,0,1,1,0,1,0,0,0,0,0,1,0
16,1,1,0.68225,0,0,0.45397386041263804,0,1,0,0,0,1,1,0,1,0,0,0,0,0,1,0
17,0,0,0.01975,4,1,0.5456498136790771,0,0,1,0,1,0,0,5,5,0,0,0,0,0,1,1
18,1,0,0.39475,0,0,0.42286368807669106,0,1,0,0,0,1,1,0,1,0,0,0,0,0,1,0
19,0,1,0.38225,1,0,0.47179586137623153,0,0,1,0,0,1,0,1,1,0,0,0,0,0,1,0
20,1,1,0.30724999999999997,0,0,0.33763919258513786,0,0,1,1,0,0,1,0,1,0,0,0,0,0,1,0
21,0,0,0.43224999999999997,0,0,0.5281013477114938,0,1,0,0,0,1,1,0,2,0,0,0,0,0,1,0
22,1,0,0.41974999999999996,0,0,0.42286368807669106,0,1,0,0,0,1,1,0,1,0,0,0,1,0,0,0
23,1,1,0.18225,0,0,0.3525865902148651,0,0,1,0,1,0,1,0,1,0,0,0,0,0,1,0
24,1,0,0.34475,0,0,0.5764076106287911,1,0,0,0,0,1,1,0,1,1,0,0,0,0,0,0
25,0,1,0.09475,3,1,0.495831873839879,0,0,1,0,0,1,0,4,4,0,0,0,0,0,1,0
26,1,1,0.46975,1,5,0.5572534209632187,0,0,1,0,0,1,0,6,4,0,0,0,0,0,1,0
27,0,0,0.25725,0,0,0.33763919258513786,0,0,1,1,0,0,1,0,1,0,0,0,0,0,1,0
28,0,0,0.23224999999999998,3,2,0.8934502391534316,1,0,0,0,0,1,0,5,4,0,0,1,0,0,0,0
29,1,1,0.21974999999999997,0,0,0.3499023202398945,0,0,1,0,1,0,1,0,1,0,0,0,0,0,1,0
30,0,0,0.26975,0,0,0.3502016019446998,0,0,1,0,0,1,1,0,1,0,0,0,0,0,1,0
31,0,0,0.49474999999999997,0,0,0.5380012918108712,1,0,0,1,0,0,1,0,1,0,0,0,0,0,1,0
32,1,1,0.34475,1,0,0.8001979354812081,1,0,0,1,0,0,0,1,2,0,1,0,0,0,0,0
33,1,1,0.38225,0,0,0.3475536651219202,0,0,1,0,1,0,1,0,1,0,0,0,0,0,1,0
34,0,0,0.81975,0,0,0.39134423619738523,0,1,0,0,0,1,1,0,1,0,0,0,0,0,1,0
35,0,0,0.34475,1,0,0.7083728358165282,1,0,0,1,0,0,0,1,2,0,0,0,0,0,1,0
36,0,0,0.5197499999999999,1,0,0.6361712049470615,1,0,0,0,0,1,0,1,2,0,0,0,0,0,1,0
37,1,0,0.28225,0,0,0.3377209927336551,0,0,1,1,0,0,1,0,1,0,0,0,0,0,1,0
38,0,0,0.25725,0,0,0.35295528405484916,0,0,1,0,0,1,1,0,1,0,0,0,0,0,1,0
39,0,1,0.21974999999999997,2,0,0.47179586137623153,0,0,1,0,0,1,0,2,2,0,0,0,0,0,1,0
40,1,1,0.16975,1,0,0.40135896919365455,0,0,1,1,0,0,0,1,2,0,0,0,0,0,1,0
41,0,1,0.49474999999999997,1,0,0.3763856068398255,0,0,1,0,0,1,0,1,1,0,0,0,0,0,1,0
42,0,1,0.33225,1,0,0.49528655446802217,0,1,0,0,0,1,0,1,2,0,0,0,0,0,1,0
43,0,0,0.16975,0,0,0.3502016019446998,0,0,1,1,0,0,1,0,1,0,0,0,0,0,1,0
44,1,1,0.03225,1,2,0.6010920603306373,0,1,0,1,0,0,0,3,3,0,0,0,0,0,1,0
45,1,1,0.23224999999999998,0,0,0.3499023202398945,0,0,1,0,1,0,1,0,1,0,0,0,0,0,1,0
46,0,0,0.33225,0,0,0.35295528405484916,0,0,1,0,0,1,1,0,1,0,0,0,0,0,1,0
47,0,0,0.46975,1,0,0.4491904349236085,0,0,1,0,1,0,0,1,1,0,0,0,0,0,1,0
48,1,1,0.73225,0,0,0.3475536651219202,0,0,1,0,1,0,1,0,1,0,0,0,0,0,1,0
49,0,0,0.39475,2,0,0.5001585548138242,0,0,1,1,0,0,0,2,1,0,0,0,0,0,1,0
50,0,1,0.21974999999999997,1,0,0.4701002597957256,0,0,1,0,0,1,0,1,2,0,0,0,0,0,1,0
51,0,0,0.08225,4,1,0.5938102861020564,0,0,1,0,0,1,0,5,6,0,0,0,0,0,1,1
52,0,0,0.25725,0,0,0.34846667530788156,0,0,1,0,0,1,1,0,1,0,0,0,0,0,1,0
53,1,1,0.60725,1,0,0.6975306263001565,1,0,0,1,0,0,0,1,3,0,0,0,1,0,0,0
54,1,1,0.35724999999999996,1,0,0.5281013477114938,0,1,0,0,0,1,0,1,1,0,0,0,0,0,1,0
55,0,0,0.80725,0,1,0.6638133911495926,1,0,0,1,0,0,0,1,1,0,1,0,0,0,0,0
56,1,0,0.36974999999999997,0,0,0.5764076106287911,1,0,0,0,0,1,1,0,1,0,0,1,0,0,0,0
57,1,1,0.25725,0,0,0.39134423619738523,0,1,0,0,0,1,1,0,1,0,0,0,0,0,1,0
58,0,0,0.351,0,0,0.3377209927336551,0,0,1,1,0,0,1,0,1,0,0,0,0,0,1,0
59,1,1,0.05725,1,2,0.5381641153575258,0,1,0,0,0,1,0,3,3,0,0,0,0,0,1,0
60,0,0,0.13225,5,2,0.6199594201430055,0,0,1,0,0,1,0,7,6,0,0,0,0,0,1,1
61,0,0,0.26975,0,0,0.3377209927336551,0,0,1,1,0,0,1,0,1,0,0,0,0,0,1,0
62,1,1,0.46975,0,0,0.7041351302819917,1,0,0,0,0,0,1,0,2,0,1,0,0,0,0,0
63,0,0,0.55725,1,0,0.7108659481313712,1,0,0,0,0,1,0,1,2,0,0,1,0,0,0,0
64,0,0,0.04475,3,2,0.5389979395502239,0,0,1,0,0,1,0,5,6,0,0,0,0,0,1,1
65,0,0,0.34475,0,0,0.5380012918108712,1,0,0,1,0,0,1,0,1,0,0,0,0,0,1,0
66,1,0,0.005124999999999999,1,1,0.44670266490621674,0,0,1,1,0,0,0,2,2,0,0,0,0,0,1,1
67,1,1,0.35724999999999996,0,0,0.39134423619738523,0,1,0,0,0,1,1,0,1,0,0,0,0,0,0,0
68,0,0,0.23224999999999998,0,0,0.3548613843209609,0,0,1,0,0,1,1,0,1,0,0,0,0,0,1,0
69,1,1,0.20725,4,2,0.3507266966124076,0,0,1,0,0,1,0,6,1,0,0,0,0,0,1,0
70,0,0,0.31975,2,0,0.36344855811683735,0,0,1,0,0,1,0,2,1,0,0,0,0,0,1,0
71,0,0,0.39475,0,0,0.39134423619738523,0,1,0,0,0,1,1,0,1,0,0,0,0,0,1,0
72,0,1,0.19475,5,2,0.6199594201430055,0,0,1,0,0,1,0,7,6,0,0,0,0,0,1,0
73,0,0,0.25725,0,0,0.6907316473431995,0,1,0,0,0,1,1,0,5,0,0,0,0,0,1,0
74,0,0,0.31975,1,0,0.4386984565615303,0,0,1,1,0,0,0,1,1,0,0,0,0,0,1,0
75,1,0,0.39475,0,0,0.6492173620225161,0,0,1,0,0,1,1,0,7,0,0,0,0,0,1,0
76,0,0,0.30724999999999997,0,0,0.34571188790034396,0,0,1,0,0,1,1,0,1,0,0,0,0,0,0,0
77,0,0,0.10725,0,0,0.3502016019446998,0,0,1,0,0,1,1,0,1,0,0,0,0,0,1,0
78,0,0,0.79475,0,0,0.35295528405484916,0,0,1,0,0,1,1,0,1,0,0,0,0,0,1,0
79,1,0,0.005124999999999999,0,2,0.54498356384555,0,1,0,0,0,1,0,2,2,0,0,0,0,0,1,1
80,1,1,0.36974999999999997,0,0,0.4167393940590734,0,0,1,0,0,1,1,0,2,0,0,0,0,0,1,0
81,0,0,0.26975,0,0,0.3689497812750522,0,0,1,0,0,1,1,0,1,0,0,0,0,0,1,0
82,1,0,0.35724999999999996,0,0,0.37676756853227744,0,0,1,0,0,1,1,0,1,0,0,0,0,0,1,0
83,1,1,0.39475,0,0,0.34823891001848967,0,0,1,0,1,0,1,0,1,0,0,0,0,0,1,0
84,0,0,0.34475,0,0,0.6206270580010311,1,0,0,0,0,1,1,0,1,0,0,0,0,0,1,0
85,1,1,0.20725,0,0,0.39134423619738523,0,1,0,0,0,1,1,0,1,0,0,0,0,0,1,0
86,1,1,0.40725,3,0,0.4525537667382542,0,0,1,0,0,1,0,3,2,0,0,0,0,0,1,0
87,0,0,0.19475,1,3,0.5713912159474593,0,0,1,0,0,1,0,4,4,0,0,0,0,0,1,0
88,0,0,0.20725,0,0,0.35295528405484916,0,0,1,0,0,1,1,0,1,0,0,0,0,0,1,0
89,1,1,0.28225,3,2,0.8934502391534316,1,0,0,0,0,1,0,5,4,0,0,1,0,0,0,0
90,0,0,0.29474999999999996,0,0,0.35295528405484916,0,0,1,0,0,1,1,0,1,0,0,0,0,0,1,0
91,0,0,0.35724999999999996,0,0,0.35295528405484916,0,0,1,0,0,1,1,0,1,0,0,0,0,0,1,0
92,0,0,0.24474999999999997,0,0,0.3494505372759428,0,0,1,0,0,1,1,0,1,0,0,0,0,0,1,0
93,0,0,0.56975,1,0,0.6617541548663702,1,0,0,0,0,1,0,1,1,0,0,0,0,1,0,0
94,0,0,0.31975,1,2,0.4921608575103547,0,0,1,0,0,1,0,3,2,0,0,0,0,0,1,0
95,0,0,0.73225,0,0,0.3381254838661527,0,0,1,0,0,1,1,0,1,0,0,0,0,0,1,0
96,0,0,0.19475,0,0,0.35295528405484916,0,0,1,0,0,1,1,0,1,0,0,0,0,0,1,0
97,0,0,0.88225,0,0,0.5726509019154723,1,0,0,1,0,0,1,0,1,1,0,0,0,0,0,0
98,1,0,0.28225,0,1,0.6672842582473822,1,0,0,1,0,0,0,1,1,0,0,0,1,0,0,0
99,1,1,0.41974999999999996,0,1,0.5092286357428653,0,1,0,0,0,1,0,1,2,0,0,0,0,0,1,0
100,0,0,0.41974999999999996,1,0,0.5281013477114938,0,1,0,0,0,1,0,1,2,0,0,0,0,0,1,0
101,0,1,0.34475,0,0,0.3502016019446998,0,0,1,0,0,1,1,0,1,0,0,0,0,0,1,0
102,0,0,0.29474999999999996,0,0,0.3502016019446998,0,0,1,0,0,1,1,0,1,0,0,0,0,0,1,0
103,0,0,0.25725,0,1,0.698677405898743,1,0,0,0,0,1,0,1,2,0,0,0,1,0,0,0
104,0,0,0.40725,0,0,0.3633108603971507,0,0,1,0,0,1,1,0,1,0,0,0,0,0,1,0
105,0,0,0.45725,2,0,0.3507266966124076,0,0,1,0,0,1,0,2,1,0,0,0,0,0,1,0
106,0,0,0.34475,0,0,0.3502016019446998,0,0,1,0,0,1,1,0,1,0,0,0,0,0,1,0
107,1,1,0.25725,0,0,0.34571188790034396,0,0,1,0,0,1,1,0,1,0,0,0,0,0,1,0
108,1,0,0.45725,0,0,0.34801082050793586,0,0,1,0,0,1,1,0,1,0,0,0,0,0,1,0
109,0,0,0.46975,0,0,0.3502016019446998,0,0,1,0,0,1,1,0,1,0,0,0,0,0,1,0
110,1,1,0.60725,1,0,0.5167281848535599,0,0,1,0,1,0,0,1,3,0,0,0,0,0,1,0
111,0,0,0.5822499999999999,0,0,0.6361712049470615,1,0,0,0,0,1,1,0,2,0,0,1,0,0,0,0
112,0,1,0.176,1,0,0.4386984565615303,0,0,1,1,0,0,0,1,2,0,0,0,0,0,1,0
113,0,0,0.26975,0,0,0.35295528405484916,0,0,1,0,0,1,1,0,1,0,0,0,0,0,1,0
114,0,1,0.24474999999999997,1,0,0.38165194930393287,0,0,1,0,0,1,0,1,1,0,0,0,0,0,1,0
115,0,1,0.20725,0,0,0.4387409607074707,0,0,1,1,0,0,1,0,2,0,0,0,0,0,1,0
116,0,0,0.25725,0,0,0.3507266966124076,0,0,1,0,0,1,1,0,1,0,0,0,0,0,1,0
117,0,0,0.876,0,0,0.3475536651219202,0,0,1,0,1,0,1,0,1,0,0,0,0,0,1,0
118,0,0,0.35724999999999996,1,0,0.49528655446802217,0,1,0,0,0,1,0,1,2,0,0,0,0,0,1,0
119,0,0,0.29474999999999996,0,1,0.8837685600885563,1,0,0,1,0,0,0,1,2,0,1,0,0,0,0,0
120,0,1,0.01975,4,2,0.556695873257052,0,0,1,0,0,1,0,6,7,0,0,0,0,0,1,0
121,0,0,0.25725,2,0,0.6907316473431995,0,1,0,0,0,1,0,2,5,0,0,0,0,0,1,0
122,0,0,0.004125,0,0,0.35295528405484916,0,0,1,0,0,1,1,0,1,0,0,0,0,0,1,0
123,0,0,0.40099999999999997,1,0,0.5506031046482882,0,1,0,1,0,0,0,1,2,0,0,0,0,0,1,0
124,1,1,0.40099999999999997,0,0,0.42286368807669106,0,1,0,0,0,1,1,0,1,0,0,0,0,1,0,0
125,0,0,0.66975,0,1,0.698677405898743,1,0,0,0,0,1,0,1,2,0,0,0,1,0,0,0
126,1,0,0.14475,1,0,0.40135896919365455,0,0,1,1,0,0,0,1,2,0,0,0,0,0,1,1
127,0,0,0.81975,0,0,0.3475536651219202,0,0,1,0,1,0,1,0,1,0,0,0,0,0,1,0
128,1,0,0.29474999999999996,0,0,0.33600813537757784,0,0,1,0,0,1,1,0,1,0,0,0,0,0,1,0
129,1,1,0.43224999999999997,1,1,0.5048860932177652,0,0,1,1,0,0,0,2,2,0,0,0,0,1,0,0
130,0,0,0.55725,0,0,0.3326933414824967,0,0,1,0,0,1,1,0,1,0,0,0,0,0,1,0
131,0,0,0.40725,0,0,0.3502016019446998,0,0,1,1,0,0,1,0,1,0,0,0,0,0,1,0
132,0,0,0.24474999999999997,0,0,0.33419319194156843,0,0,1,0,0,1,1,0,1,0,0,0,0,0,1,0
133,0,1,0.5822499999999999,1,0,0.43917261968469046,0,0,1,0,0,1,0,1,1,0,0,0,0,0,1,0
134,1,1,0.35724999999999996,1,0,0.5281013477114938,0,1,0,0,0,1,0,1,1,0,0,0,0,0,1,0
135,0,0,0.30724999999999997,0,0,0.42286368807669106,0,1,0,0,0,1,1,0,1,0,0,0,0,0,1,0
136,0,0,0.28225,0,0,0.444717815558286,0,1,0,1,0,0,1,0,1,0,0,0,0,0,1,0
137,1,1,0.23224999999999998,0,2,0.529773846609256,1,0,0,0,0,1,0,2,1,0,0,0,1,0,0,0
138,0,0,0.45725,1,0,0.6394627518675874,1,0,0,0,0,1,0,1,2,0,0,1,0,0,0,0
139,0,0,0.19475,0,0,0.3723849402651219,0,0,1,0,0,1,1,0,2,0,0,0,0,0,1,0
140,0,0,0.29474999999999996,0,0,0.7025447166880028,1,0,0,1,0,0,1,0,2,0,1,0,0,0,0,0
141,0,1,0.19475,0,2,0.44670266490621674,0,0,1,1,0,0,0,2,2,0,0,0,0,0,1,0
142,1,1,0.26975,0,0,0.3475536651219202,0,0,1,0,0,1,1,0,1,0,0,0,0,0,1,0
143,1,1,0.29474999999999996,1,0,0.4525537667382542,0,0,1,0,0,1,0,1,2,0,0,0,0,0,1,0
144,0,0,0.23224999999999998,0,0,0.32810766862723467,0,0,1,0,1,0,1,0,1,0,0,0,0,0,1,0
145,0,0,0.21974999999999997,0,0,0.40470470937773706,0,1,0,0,0,1,1,0,1,0,0,0,0,0,1,0
146,0,0,0.23224999999999998,1,1,0.5818031659922842,0,1,0,0,0,1,0,2,2,0,0,0,0,0,1,0
147,1,0,0.33225,0,0,0.348390182281133,0,0,1,0,0,1,1,0,1,0,0,0,0,0,1,0
148,0,1,0.10725,2,2,0.5713912159474593,0,0,1,0,0,1,0,4,4,0,0,0,0,0,1,0
149,0,0,0.45099999999999996,0,2,0.5281013477114938,0,1,0,0,0,1,0,2,3,0,0,0,0,0,0,0
150,0,0,0.5197499999999999,0,0,0.42286368807669106,0,1,0,0,0,1,1,0,1,0,0,0,0,0,1,0
151,0,0,0.63225,0,0,0.41733284975267587,0,1,0,0,0,1,1,0,1,0,0,0,0,0,1,0
152,1,1,0.26975,1,0,0.675158433212671,1,0,0,0,0,1,0,1,2,0,0,1,0,0,0,0
153,0,0,0.6885,0,0,0.35295528405484916,0,0,1,0,0,1,1,0,1,0,0,0,0,0,1,0
154,0,0,0.501,0,2,0.43917261968469046,0,0,1,0,0,1,0,2,1,0,0,0,0,0,1,0
155,0,0,0.29474999999999996,0,0,0.3393347941656439,0,0,1,0,0,1,1,0,1,0,0,0,0,0,1,0
156,0,0,0.63225,0,1,0.6622795418565016,1,0,0,1,0,0,0,1,1,0,0,0,0,0,1,0
157,1,1,0.19475,0,0,0.34724755706710003,0,0,1,0,1,0,1,0,1,0,0,0,0,0,1,0
158,0,0,0.36974999999999997,0,0,0.35295528405484916,0,0,1,0,0,1,1,0,1,0,0,0,0,0,1,0
159,0,0,0.5822499999999999,0,0,0.36344855811683735,0,0,1,0,0,1,1,0,1,0,0,0,0,0,1,0
160,0,0,0.80725,8,2,0.682002570512027,0,0,1,0,0,1,0,10,7,0,0,0,0,0,1,1
161,0,0,0.54475,0,1,0.45491364524217526,0,0,1,0,0,1,0,1,1,0,0,0,0,0,1,0
162,1,1,0.49474999999999997,0,0,0.4515999969334424,0,1,0,0,0,1,1,0,1,0,0,0,0,0,1,0
163,0,0,0.31975,0,0,0.34801082050793586,0,0,1,0,0,1,1,0,1,0,0,0,0,0,1,0
164,0,0,0.20725,0,0,0.36344855811683735,0,0,1,0,0,1,1,0,1,0,0,0,0,0,1,0
165,0,0,0.007250000000000001,4,1,0.5938102861020564,0,0,1,0,0,1,0,5,6,0,0,0,0,0,1,1
166,1,0,0.10725,0,2,0.49178908738045096,0,0,1,0,0,1,0,2,3,0,0,0,0,0,1,1
167,1,1,0.31975,0,1,0.6449935901916026,1,0,0,0,0,1,0,1,2,0,0,0,0,1,0,0
168,0,1,0.55725,1,4,0.5389979395502239,0,0,1,0,0,1,0,5,6,0,0,0,0,0,1,0
169,0,0,0.38225,0,0,0.527655637120605,1,0,0,0,0,1,1,0,1,0,0,0,0,0,1,0
170,0,0,0.34475,0,0,0.6492173620225161,0,0,1,0,0,1,1,0,7,0,0,0,0,0,1,0
171,0,0,0.75725,0,0,0.5673780187678832,1,0,0,0,0,1,1,0,1,0,1,0,0,0,0,0
172,0,0,0.04475,4,1,0.5456498136790771,0,0,1,0,1,0,0,5,5,0,0,0,0,0,1,1
173,1,1,0.007250000000000001,1,1,0.3999337912742492,0,0,1,0,0,1,0,2,3,0,0,0,0,0,1,0
174,0,0,0.25725,0,0,0.3507266966124076,0,0,1,0,0,1,1,0,1,0,0,0,0,0,1,0
175,0,0,0.69475,0,0,0.5537942554801266,1,0,0,1,0,0,1,0,1,1,0,0,0,0,0,0
176,0,0,0.21974999999999997,1,1,0.3494505372759428,0,0,1,0,0,1,0,2,1,0,0,0,0,0,1,0
177,0,0,0.50725,3,1,0.5249047780663141,0,0,1,0,0,1,0,4,4,0,0,0,0,0,1,1
178,0,1,0.61975,0,0,0.5434405937293859,1,0,0,1,0,0,1,0,1,0,0,1,0,0,0,0
179,0,0,0.36974999999999997,0,0,0.42286368807669106,0,1,0,0,0,1,1,0,1,0,0,0,0,0,1,0
180,0,0,0.44475,0,0,0.0,0,0,1,0,0,1,1,0,4,0,0,0,0,0,1,0
181,0,1,0.25725,8,2,0.682002570512027,0,0,1,0,0,1,0,10,7,0,0,0,0,0,1,0
182,0,0,0.40725,0,0,0.44475975113808713,0,1,0,1,0,0,1,0,1,0,0,0,0,0,1,0
183,0,0,0.10725,4,2,0.5572534209632187,0,0,1,0,0,1,0,6,4,0,0,0,0,0,1,1
184,1,0,0.007250000000000001,2,1,0.5910796833899636,0,1,0,0,0,1,0,3,2,0,0,0,0,0,0,1
185,1,1,0.04475,0,2,0.5025832588136308,0,0,1,0,0,1,0,2,1,0,0,0,0,0,1,0
186,0,0,0.34475,0,0,0.6300076429831359,1,0,0,0,0,1,1,0,1,1,0,0,0,0,0,0
187,1,1,0.39475,1,0,0.4491904349236085,0,0,1,0,1,0,0,1,2,0,0,0,0,0,1,0
188,1,0,0.55725,0,0,0.5313325505056177,1,0,0,0,0,1,1,0,1,0,0,0,0,0,1,0
189,0,0,0.49474999999999997,1,1,0.4491904349236085,0,0,1,0,1,0,0,2,2,0,0,0,0,0,1,0
190,0,0,0.44475,0,0,0.3502016019446998,0,0,1,0,0,1,1,0,1,0,0,0,0,0,1,0
191,1,1,0.39475,0,0,0.42286368807669106,0,1,0,0,0,1,1,0,1,0,0,0,0,0,1,0
192,0,0,0.23224999999999998,0,0,0.42286368807669106,0,1,0,0,0,1,1,0,1,0,0,0,0,0,1,0
193,1,1,0.23224999999999998,1,0,0.3494505372759428,0,0,1,0,0,1,0,1,1,0,0,0,0,0,1,0
194,1,0,0.03225,1,1,0.5281013477114938,0,1,0,0,0,1,0,2,3,0,0,0,0,0,0,1
195,1,1,0.54475,0,0,0.5380012918108712,1,0,0,1,0,0,1,0,1,0,1,0,0,0,0,0
196,1,1,0.71975,0,0,0.8001979354812081,1,0,0,1,0,0,1,0,2,0,1,0,0,0,0,0
197,0,0,0.21974999999999997,0,0,0.3475536651219202,0,0,1,0,1,0,1,0,1,0,0,0,0,0,1,0
198,0,0,0.5197499999999999,0,1,0.3591068861516606,0,0,1,0,0,1,0,1,1,0,0,0,0,0,1,0
199,1,1,0.35724999999999996,0,0,0.3475536651219202,0,0,1,0,1,0,1,0,1,0,0,0,0,0,1,0
200,0,1,0.29474999999999996,0,0,0.42286368807669106,0,1,0,0,0,1,1,0,1,0,0,0,0,0,1,0
201,0,0,0.34475,0,0,0.37676756853227744,0,0,1,0,0,1,1,0,1,0,0,0,0,0,1,0
202,0,0,0.33225,8,2,0.682002570512027,0,0,1,0,0,1,0,10,7,0,0,0,0,0,1,0
203,0,0,0.41974999999999996,0,0,0.32276390619844325,0,0,1,0,0,1,1,0,1,0,0,0,0,0,1,0
204,0,0,0.5635,0,0,0.33763919258513786,0,0,1,1,0,0,1,0,1,0,0,0,0,0,1,0
205,1,0,0.21974999999999997,0,0,0.35295528405484916,0,0,1,0,0,1,1,0,1,0,0,0,0,0,1,0
206,0,1,0.01975,0,1,0.3908208840039564,0,0,1,0,0,1,0,1,2,0,0,0,0,0,0,0
207,0,0,0.39475,1,0,0.4525537667382542,0,0,1,0,0,1,0,1,2,0,0,0,0,0,1,0
208,1,0,0.31975,0,0,0.47830314928475054,0,0,1,1,0,0,1,0,2,0,0,0,0,0,1,0
209,1,1,0.19475,0,0,0.3475536651219202,0,0,1,0,1,0,1,0,1,0,0,0,0,0,1,0
210,1,0,0.49474999999999997,0,0,0.5553247552872788,1,0,0,1,0,0,1,0,1,1,0,0,0,0,0,0
211,0,0,0.29474999999999996,0,0,0.33419319194156843,0,0,1,0,0,1,1,0,1,0,0,0,0,0,1,0
212,1,1,0.43224999999999997,0,0,0.49528655446802217,0,1,0,0,0,1,1,0,1,0,0,0,0,0,1,0
213,0,0,0.26975,0,0,0.3381254838661527,0,0,1,0,0,1,1,0,1,0,0,0,0,0,1,0
214,0,0,0.36974999999999997,0,0,0.42286368807669106,0,1,0,0,0,1,1,0,1,0,0,0,0,0,1,0
215,0,0,0.01975,1,0,0.3475536651219202,0,0,1,0,1,0,0,1,1,0,0,0,0,0,1,0
216,1,1,0.38225,1,0,0.7592806561689713,1,0,0,1,0,0,0,1,3,0,0,0,1,0,0,0
217,1,1,0.33225,0,0,0.3507266966124076,0,0,1,0,0,1,1,0,1,0,0,0,0,0,1,0
218,0,0,0.5197499999999999,1,0,0.5339286391341468,0,1,0,0,0,1,0,1,2,0,0,0,0,0,1,0
219,1,1,0.39475,0,0,0.6966262055441308,1,0,0,1,0,0,1,0,1,0,0,0,1,0,0,0
220,0,0,0.36974999999999997,0,0,0.39134423619738523,0,1,0,0,0,1,1,0,1,0,0,0,0,0,1,0
221,1,0,0.19475,0,0,0.35295528405484916,0,0,1,0,0,1,1,0,1,0,0,0,0,0,1,0
222,0,0,0.33225,0,0,0.42286368807669106,0,1,0,0,0,1,1,0,1,0,0,0,0,0,1,0
223,0,0,0.63225,0,0,0.35295528405484916,0,0,1,0,0,1,1,0,1,0,0,0,0,0,1,0
224,0,0,0.21974999999999997,0,0,0.3502016019446998,0,0,1,0,0,1,1,0,1,0,0,0,0,0,1,0
225,1,0,0.46975,1,0,0.7227878932056411,1,0,0,0,0,1,0,1,2,0,0,1,0,0,0,0
226,0,0,0.26975,0,0,0.37446202006332885,0,0,1,0,0,1,1,0,1,0,0,0,0,0,1,0
227,1,0,0.23224999999999998,0,0,0.39134423619738523,0,1,0,0,0,1,1,0,1,0,0,0,0,0,1,0
228,0,0,0.251,0,0,0.3381254838661527,0,0,1,0,0,1,1,0,1,0,0,0,0,0,1,0
229,0,0,0.21974999999999997,0,0,0.42286368807669106,0,1,0,0,0,1,1,0,1,0,0,0,0,0,1,0
230,0,1,0.46975,3,1,0.5249047780663141,0,0,1,0,0,1,0,4,4,0,0,0,0,0,1,0
231,1,1,0.43224999999999997,1,0,0.7108659481313712,1,0,0,0,0,1,0,1,2,0,0,1,0,0,0,0
232,0,0,0.35724999999999996,0,0,0.34801082050793586,0,0,1,0,0,1,1,0,1,0,0,0,0,0,1,0
233,0,0,0.73225,0,0,0.42848647040443827,0,1,0,0,0,1,1,0,1,0,0,0,0,0,1,0
234,1,1,0.05725,4,2,0.5572534209632187,0,0,1,0,0,1,0,6,4,0,0,0,0,0,1,0
235,0,0,0.29474999999999996,0,0,0.39134423619738523,0,1,0,0,0,1,1,0,1,0,0,0,0,0,1,0
236,0,1,0.56975,0,0,0.34384869418471947,0,0,1,0,0,1,1,0,1,0,0,0,0,0,1,0
237,0,0,0.54475,1,0,0.5281013477114938,0,1,0,0,0,1,0,1,1,0,0,0,0,0,1,0
238,1,1,0.09475,0,2,0.529578158664277,0,1,0,0,0,1,0,2,3,0,0,0,0,0,1,0
239,0,0,0.23224999999999998,0,0,0.39134423619738523,0,1,0,0,0,1,1,0,1,0,0,0,0,0,1,0
240,0,0,0.40725,0,0,0.41434334411688734,0,1,0,0,0,1,1,0,1,0,0,0,0,0,1,0
241,0,1,0.01975,1,0,0.4386984565615303,0,0,1,1,0,0,0,1,2,0,0,0,0,0,1,0
242,1,1,0.26975,1,0,0.4491904349236085,0,0,1,0,1,0,0,1,2,0,0,0,0,0,1,0
243,0,0,0.35724999999999996,0,0,0.39134423619738523,0,1,0,0,0,1,1,0,1,0,0,0,0,0,1,0
244,0,0,0.26975,0,0,0.3356791332316349,0,0,1,0,0,1,1,0,1,0,0,0,0,0,1,0
245,0,0,0.36974999999999997,0,0,0.33763919258513786,0,0,1,1,0,0,1,0,1,0,0,0,0,0,1,0
246,0,0,0.54475,2,0,0.7227878932056411,1,0,0,0,1,0,0,2,2,0,0,1,0,0,0,0
247,0,1,0.30724999999999997,0,0,0.34801082050793586,0,0,1,0,0,1,1,0,1,0,0,0,0,0,1,0
248,1,1,0.29474999999999996,0,2,0.43917261968469046,0,1,0,0,0,1,0,2,2,0,0,0,0,0,1,0
249,1,0,0.45725,1,1,0.6378379970302275,1,0,0,0,0,1,0,2,2,0,0,0,1,0,0,0
250,0,0,0.66975,1,0,0.5281013477114938,0,1,0,0,0,1,0,1,2,0,0,0,0,0,1,0
251,0,0,0.41974999999999996,0,0,0.3381254838661527,0,0,1,0,0,1,1,0,1,0,0,0,0,0,1,0
252,0,1,0.35724999999999996,1,1,0.3908208840039564,0,0,1,0,0,1,0,2,2,0,0,0,0,0,0,0
253,0,0,0.7697499999999999,0,0,0.5313325505056177,1,0,0,0,0,1,1,0,1,0,0,1,0,0,0,0
254,0,0,0.36974999999999997,1,0,0.45491364524217526,0,0,1,0,0,1,0,1,2,0,0,0,0,0,1,0
255,0,1,0.50725,0,2,0.4894457748636945,0,0,1,0,0,1,0,2,2,0,0,0,0,0,1,0
256,1,1,0.35724999999999996,0,2,0.44670266490621674,0,0,1,1,0,0,0,2,1,0,0,0,0,0,1,0
257,1,1,0.25725,0,0,0.7025447166880028,1,0,0,1,0,0,1,0,1,0,0,0,0,0,1,0
258,1,1,0.36974999999999997,0,0,0.7165034463969724,1,0,0,0,0,1,1,0,3,0,1,0,0,0,0,0
259,1,1,0.43224999999999997,0,0,1.0,1,0,0,1,0,0,1,0,3,0,0,0,0,0,1,0
260,1,1,0.61975,0,1,0.5281013477114938,0,1,0,0,0,1,0,1,2,0,0,0,0,0,1,0
261,0,0,0.38225,0,0,0.3475536651219202,0,0,1,0,1,0,1,0,1,0,0,0,0,0,1,0
262,1,0,0.03225,4,2,0.5572534209632187,0,0,1,0,0,1,0,6,4,0,0,0,0,0,1,1
263,0,0,0.6447499999999999,1,1,0.7034412659259898,1,0,0,0,0,1,0,2,3,0,0,0,0,1,0,0
264,0,0,0.49474999999999997,0,0,0.0,1,0,0,0,0,1,1,0,1,0,1,0,0,0,0,0
265,0,1,0.28225,0,0,0.3475536651219202,0,0,1,0,1,0,1,0,1,0,0,0,0,0,1,0
266,0,0,0.44475,0,0,0.39134423619738523,0,1,0,0,0,1,1,0,1,0,0,0,0,0,1,0
267,0,0,0.19475,4,1,0.5938102861020564,0,0,1,0,0,1,0,5,6,0,0,0,0,0,1,0
268,1,0,0.30724999999999997,1,0,0.34801082050793586,0,0,1,0,0,1,0,1,1,0,0,0,0,0,1,0
269,1,1,0.71975,0,1,0.8075657891202526,1,0,0,0,0,1,0,1,3,0,0,1,0,0,0,0
270,1,1,0.43224999999999997,0,0,0.7879131248438109,1,0,0,0,0,1,1,0,3,0,0,1,0,0,0,0
271,0,0,0.30724999999999997,0,0,0.5553247552872788,1,0,0,0,0,1,1,0,2,0,0,0,0,0,1,0
272,1,0,0.30724999999999997,0,0,0.0,0,0,1,0,0,1,1,0,4,0,0,0,0,0,1,0
273,1,1,0.50725,0,1,0.4839713001232257,0,1,0,0,0,1,0,1,2,0,0,0,0,0,1,0
274,0,0,0.45725,0,1,0.5486793783580444,1,0,0,1,0,0,0,1,1,0,0,1,0,0,0,0
275,1,1,0.31975,0,0,0.3475536651219202,0,0,1,0,1,0,1,0,1,0,0,0,0,0,1,0
276,1,1,0.78225,1,0,0.7000444993352338,1,0,0,0,0,1,0,1,3,0,0,0,1,0,0,0
277,0,1,0.55725,0,0,0.3475536651219202,0,0,1,0,0,1,1,0,1,0,0,0,0,0,1,0
278,0,0,0.46975,0,0,0.0,0,1,0,0,0,1,1,0,3,0,0,0,0,0,1,0
279,0,0,0.08225,4,1,0.5456498136790771,0,0,1,0,1,0,0,5,5,0,0,0,0,0,1,1
280,1,1,0.43224999999999997,1,1,0.48972878851532287,0,0,1,0,0,1,0,2,2,0,0,0,0,0,1,0
281,0,0,0.80725,0,0,0.3475536651219202,0,0,1,0,1,0,1,0,1,0,0,0,0,0,1,0
282,0,0,0.34475,0,0,0.3494505372759428,0,0,1,0,0,1,1,0,1,0,0,0,0,0,1,0
283,0,0,0.19475,0,0,0.37676756853227744,0,0,1,0,0,1,1,0,1,0,0,0,0,0,1,0
284,1,0,0.23224999999999998,0,0,0.35295528405484916,0,0,1,0,0,1,1,0,1,0,0,0,0,0,1,0
285,0,0,0.41974999999999996,0,0,0.5281013477114938,1,0,0,0,0,1,1,0,1,1,0,0,0,0,0,0
286,0,0,0.40725,0,0,0.36344855811683735,0,0,1,1,0,0,1,0,1,0,0,0,0,0,1,0
287,1,0,0.36974999999999997,0,0,0.37676756853227744,0,0,1,0,0,1,1,0,1,0,0,0,0,0,1,0
288,0,0,0.26975,0,0,0.3502016019446998,0,0,1,0,0,1,1,0,1,0,0,0,0,0,1,0
289,1,0,0.5197499999999999,0,0,0.42286368807669106,0,1,0,0,0,1,1,0,1,0,0,0,0,0,1,0
290,1,1,0.26975,0,0,0.3475536651219202,0,0,1,0,1,0,1,0,1,0,0,0,0,0,1,0
291,1,1,0.31975,0,0,0.7018439158340846,1,0,0,0,0,1,1,0,2,0,0,0,0,0,1,0
292,1,1,0.23224999999999998,1,0,0.7246769696172585,1,0,0,1,0,0,0,1,2,0,1,0,0,0,0,0
293,0,0,0.44475,0,0,0.4214266124878081,0,1,0,1,0,0,1,0,1,0,0,0,1,0,0,0
294,0,1,0.29474999999999996,0,0,0.3665280799528062,0,0,1,0,0,1,1,0,1,0,0,0,0,0,1,0
295,0,0,0.29474999999999996,0,0,0.3502016019446998,0,0,1,0,0,1,1,0,1,0,0,0,0,0,1,0
296,0,0,0.30724999999999997,0,0,0.5380012918108712,1,0,0,1,0,0,1,0,1,0,0,0,0,0,1,0
297,0,0,0.2885,0,0,0.3377209927336551,0,0,1,1,0,0,1,0,1,0,0,0,0,0,1,0
298,0,1,0.01975,1,2,0.8055694580427181,1,0,0,0,0,1,0,3,4,0,0,1,0,0,0,0
299,1,0,0.86975,0,0,0.5528013511027754,1,0,0,0,0,1,1,0,1,0,0,1,0,0,0,0
300,1,1,0.61975,0,1,0.8837685600885563,1,0,0,1,0,0,0,1,2,0,1,0,0,0,0,0
301,1,1,0.68225,0,0,0.3475536651219202,0,0,1,0,1,0,1,0,1,0,0,0,0,0,1,0
302,1,0,0.0031250000000000006,2,0,0.5108890946860756,0,0,1,0,1,0,0,2,2,0,0,0,0,0,1,0
303,0,0,0.23224999999999998,0,0,0.0,0,0,1,0,0,1,1,0,4,0,0,0,0,0,1,0
304,1,1,0.26975,0,0,0.415246066809403,0,1,0,0,1,0,1,0,1,0,0,0,0,1,0,0
305,0,0,0.25725,0,0,0.35295528405484916,0,0,1,0,0,1,1,0,1,0,0,0,0,0,1,0
306,1,0,0.00625,1,2,0.8055694580427181,1,0,0,0,0,1,0,3,4,0,0,1,0,0,0,1
307,1,1,0.5822499999999999,0,0,0.7558914972956428,1,0,0,1,0,0,1,0,4,0,0,0,0,0,1,0
308,1,1,0.20725,1,0,0.7530256522025331,1,0,0,1,0,0,0,1,2,0,0,1,0,0,0,0
309,0,0,0.36974999999999997,1,0,0.5157696604351928,0,1,0,1,0,0,0,1,2,0,0,0,0,0,1,0
310,1,1,0.36974999999999997,0,0,0.6504206584545379,1,0,0,1,0,0,1,0,2,0,0,0,0,1,0,0
311,1,1,0.29474999999999996,0,0,0.710264100162358,1,0,0,1,0,0,1,0,2,0,0,1,0,0,0,0
312,1,1,0.21974999999999997,2,2,0.8930704502718891,1,0,0,1,0,0,0,4,2,0,1,0,0,0,0,0
313,0,1,0.31975,1,1,0.5281013477114938,0,1,0,0,0,1,0,2,1,0,0,0,0,0,1,0
314,0,0,0.34475,0,0,0.3502016019446998,0,0,1,0,0,1,1,0,1,0,0,0,0,0,1,0
315,0,0,0.53225,1,1,0.529578158664277,0,1,0,0,0,1,0,2,3,0,0,0,0,0,1,0
316,1,1,0.31975,0,0,0.3494505372759428,0,0,1,0,0,1,1,0,1,0,0,0,0,0,1,0
317,1,1,0.29474999999999996,1,0,0.5281013477114938,0,1,0,0,0,1,0,1,2,0,0,0,0,0,1,0
318,0,0,0.66975,0,0,0.4339186127880943,0,1,0,0,0,1,1,0,1,0,0,0,0,0,1,0
319,1,1,0.38225,0,2,0.8189796728879716,1,0,0,0,0,1,0,2,2,0,0,1,0,0,0,0
320,1,1,0.49474999999999997,1,1,0.786578536659575,1,0,0,1,0,0,0,2,2,0,0,0,0,1,0,0
321,0,0,0.26975,0,0,0.3381254838661527,0,0,1,0,0,1,1,0,1,0,0,0,0,0,1,0
322,0,0,0.33225,0,0,0.3502016019446998,0,0,1,0,0,1,1,0,1,0,0,0,0,0,1,0
323,1,1,0.36974999999999997,0,0,0.415246066809403,0,1,0,0,1,0,1,0,1,0,0,0,0,0,1,0
324,1,1,0.26975,1,1,0.54498356384555,0,1,0,0,0,1,0,2,2,0,0,0,0,0,1,0
325,0,0,0.23224999999999998,8,2,0.682002570512027,0,0,1,0,0,1,0,10,7,0,0,0,0,0,1,0
326,1,1,0.44475,0,0,0.7879131248438109,1,0,0,1,0,0,1,0,3,0,0,1,0,0,0,0
327,0,0,0.75725,0,0,0.31714501737309336,0,0,1,0,0,1,1,0,1,0,0,0,0,0,1,0
328,1,1,0.44475,0,0,0.42286368807669106,0,1,0,0,0,1,1,0,1,0,0,0,1,0,0,0
329,1,1,0.38225,1,1,0.49178908738045096,0,0,1,0,0,1,0,2,3,0,0,0,0,0,1,0
330,1,1,0.19475,0,1,0.6532989635355536,1,0,0,1,0,0,0,1,2,0,1,0,0,0,0,0
331,1,1,0.30724999999999997,2,0,0.5108890946860756,0,0,1,0,1,0,0,2,2,0,0,0,0,0,1,0
332,0,0,0.5635,0,0,0.5422905113083994,1,0,0,0,0,1,1,0,1,0,0,1,0,0,0,0
333,0,0,0.46975,0,1,0.8075657891202526,1,0,0,0,0,1,0,1,3,0,0,1,0,0,0,0
334,0,0,0.19475,2,0,0.47179586137623153,0,0,1,0,0,1,0,2,2,0,0,0,0,0,1,0
335,1,1,0.21974999999999997,1,0,0.7855702199804014,1,0,0,0,0,1,0,1,2,0,0,0,0,0,1,0
336,0,0,0.007250000000000001,0,0,0.3502016019446998,0,0,1,0,0,1,1,0,1,0,0,0,0,0,1,0
337,0,0,0.35724999999999996,1,0,0.675158433212671,1,0,0,0,0,1,0,1,2,0,0,1,0,0,0,0
338,1,1,0.50725,0,0,0.786578536659575,1,0,0,1,0,0,1,0,2,0,0,0,0,1,0,0
339,1,0,0.55725,0,0,0.35295528405484916,0,0,1,0,0,1,1,0,1,0,0,0,0,0,1,0
340,0,0,0.55725,0,0,0.5764076106287911,1,0,0,0,0,1,1,0,1,0,0,0,0,0,0,0
341,1,0,0.01975,1,1,0.5281013477114938,0,1,0,0,0,1,0,2,3,0,0,0,0,0,0,1
342,1,1,0.29474999999999996,3,2,0.8934502391534316,1,0,0,0,0,1,0,5,4,0,0,1,0,0,0,0
343,0,0,0.34475,0,0,0.42286368807669106,0,1,0,0,0,1,1,0,1,0,0,0,0,0,1,0
344,0,0,0.30724999999999997,0,0,0.42286368807669106,0,1,0,0,0,1,1,0,1,0,0,0,0,0,1,0
345,0,0,0.44475,0,0,0.42286368807669106,0,1,0,0,0,1,1,0,1,0,0,0,0,0,1,0
346,1,1,0.29474999999999996,0,0,0.42286368807669106,0,1,0,0,0,1,1,0,1,0,0,0,0,0,0,0
347,1,1,0.49474999999999997,0,0,0.42286368807669106,0,1,0,0,0,1,1,0,1,0,0,0,0,0,1,0
348,1,1,0.33225,1,0,0.45491364524217526,0,0,1,0,0,1,0,1,1,0,0,0,0,0,1,0
349,1,0,0.03225,1,1,0.45302853109775937,0,0,1,0,0,1,0,2,2,0,0,0,0,0,1,1
350,0,0,0.5197499999999999,0,0,0.36344855811683735,0,0,1,0,0,1,1,0,1,0,0,0,0,0,1,0
351,0,0,0.28225,0,0,0.37251505985030076,0,0,1,0,0,1,1,0,1,0,0,0,0,0,1,0
352,0,0,0.80725,0,0,0.5741974672559073,1,0,0,0,0,1,1,0,1,0,0,1,0,0,0,0
353,0,0,0.18225,1,1,0.3377209927336551,0,0,1,1,0,0,0,2,1,0,0,0,0,0,1,0
354,0,0,0.30724999999999997,1,0,0.4701002597957256,0,0,1,0,0,1,0,1,2,0,0,0,0,0,1,0
355,0,0,0.61975,0,0,0.33763919258513786,0,0,1,1,0,0,1,0,1,0,0,0,0,0,1,0
356,0,0,0.34475,0,0,0.37676756853227744,0,0,1,0,0,1,1,0,1,0,0,0,0,0,1,0
357,1,1,0.26975,0,1,0.6449935901916026,1,0,0,0,0,1,0,1,2,0,0,0,0,1,0,0
358,0,1,0.46975,0,0,0.42286368807669106,0,1,0,0,0,1,1,0,1,0,0,0,0,0,1,0
359,1,1,0.5197499999999999,0,0,0.3499023202398945,0,0,1,0,1,0,1,0,1,0,0,0,0,0,1,0
360,1,1,0.04475,0,0,0.3499023202398945,0,0,1,0,1,0,1,0,1,0,0,0,0,0,1,0
361,0,0,0.49474999999999997,1,4,0.5389979395502239,0,0,1,0,0,1,0,5,6,0,0,0,0,0,1,0
362,0,0,0.35724999999999996,1,0,0.5380012918108712,0,1,0,1,0,0,0,1,1,0,0,0,0,0,1,0
363,0,1,0.55725,0,1,0.4386984565615303,0,0,1,1,0,0,0,1,2,0,0,0,0,0,1,0
364,0,0,0.43224999999999997,0,0,0.33419319194156843,0,0,1,0,0,1,1,0,1,0,0,0,0,0,1,0
365,0,0,0.25725,1,0,0.4491904349236085,0,0,1,0,1,0,0,1,2,0,0,0,0,0,1,0
366,0,0,0.36974999999999997,0,0,0.3381254838661527,0,0,1,0,0,1,1,0,1,0,0,0,0,0,1,0
367,1,1,0.74475,1,0,0.6944519802337323,1,0,0,1,0,0,0,1,1,0,0,0,1,0,0,0
368,1,1,0.11975,0,0,0.3377209927336551,0,0,1,1,0,0,1,0,1,0,0,0,0,0,1,0
369,1,1,0.26975,0,0,0.3475536651219202,0,0,1,0,1,0,1,0,1,0,0,0,0,0,1,0
370,1,1,0.29474999999999996,0,0,0.6814337631908569,1,0,0,1,0,0,1,0,2,0,1,0,0,0,0,0
371,1,0,0.30724999999999997,1,0,0.6462524686274448,1,0,0,1,0,0,0,1,1,0,0,0,0,1,0,0
372,0,0,0.21974999999999997,1,0,0.32276390619844325,0,0,1,0,0,1,0,1,1,0,0,0,0,0,1,0
373,0,0,0.23224999999999998,0,0,0.35295528405484916,0,0,1,0,0,1,1,0,1,0,0,0,0,0,1,0
374,0,0,0.26975,0,0,0.7879131248438109,1,0,0,1,0,0,1,0,3,0,0,0,0,0,1,0
375,0,1,0.03225,3,1,0.495831873839879,0,0,1,0,0,1,0,4,4,0,0,0,0,0,1,0
376,1,1,0.426,1,0,0.7083728358165282,1,0,0,1,0,0,0,1,2,0,0,0,0,0,1,0
377,1,1,0.26975,0,0,0.3381254838661527,0,0,1,0,0,1,1,0,1,0,0,0,0,0,1,0
378,0,0,0.33225,0,2,0.858678569790375,1,0,0,1,0,0,0,2,1,0,0,1,0,0,0,0
379,0,0,0.24474999999999997,0,0,0.2582849124581797,0,0,1,1,0,0,1,0,1,0,0,0,0,0,1,0
380,0,0,0.23224999999999998,0,0,0.34801082050793586,0,0,1,0,0,1,1,0,1,0,0,0,0,0,1,0
381,1,1,0.5197499999999999,0,0,0.8703280791561688,1,0,0,1,0,0,1,0,4,0,0,0,0,0,1,0
382,1,1,0.007250000000000001,0,2,0.4515205782884459,0,0,1,1,0,0,0,2,2,0,0,0,0,0,1,0
383,0,0,0.39475,0,0,0.3507266966124076,0,0,1,0,0,1,1,0,1,0,0,0,0,0,1,0
384,1,1,0.43224999999999997,1,0,0.6361712049470615,1,0,0,0,0,1,0,1,2,0,0,0,0,0,1,0
385,0,0,0.61975,0,0,0.3502016019446998,0,0,1,0,0,1,1,0,1,0,0,0,0,0,1,0
386,0,0,0.21974999999999997,0,0,0.6907316473431995,0,1,0,0,0,1,1,0,5,0,0,0,0,0,1,0
387,0,0,0.007250000000000001,5,2,0.6199594201430055,0,0,1,0,0,1,0,7,6,0,0,0,0,0,1,1
388,1,1,0.44475,0,0,0.42286368807669106,0,1,0,0,0,1,1,0,1,0,0,0,0,0,1,0
389,0,0,0.49474999999999997,0,0,0.34717231529600073,0,0,1,0,1,0,1,0,1,0,0,0,0,0,1,0
390,1,1,0.20725,0,0,0.4109891561864058,0,1,0,1,0,0,1,0,1,0,0,0,0,0,1,0
391,1,0,0.44475,1,2,0.7684432068211328,1,0,0,0,0,1,0,3,4,0,1,0,0,0,0,0
392,1,0,0.25725,0,0,0.348390182281133,0,0,1,0,0,1,1,0,1,0,0,0,0,0,1,0
393,0,0,0.34475,2,0,0.3507266966124076,0,0,1,0,0,1,0,2,1,0,0,0,0,0,1,0
394,1,1,0.28225,1,0,0.7592806561689713,1,0,0,1,0,0,0,1,3,0,0,0,1,0,0,0
395,1,1,0.29474999999999996,0,2,0.46043946366130095,0,0,1,0,0,1,0,2,2,0,0,0,0,0,0,0
396,0,0,0.26975,0,0,0.348390182281133,0,0,1,0,0,1,1,0,1,0,0,0,0,0,1,0
397,0,1,0.38225,0,0,0.3494505372759428,0,0,1,0,0,1,1,0,1,0,0,0,0,0,1,0
398,0,0,0.56975,0,0,0.5281013477114938,0,1,0,0,0,1,1,0,2,0,0,0,0,0,1,0
399,0,0,0.28225,0,0,0.39134423619738523,0,1,0,0,0,1,1,0,1,0,0,0,0,0,1,0
400,1,1,0.34475,0,0,0.4188069434436311,0,1,0,0,0,1,1,0,1,0,0,0,0,0,1,0
401,1,0,0.48224999999999996,0,0,0.3507266966124076,0,0,1,0,0,1,1,0,1,0,0,0,0,0,1,0
402,0,0,0.31975,0,0,0.35295528405484916,0,0,1,0,0,1,1,0,1,0,0,0,0,0,1,0
403,0,1,0.25725,1,0,0.38165194930393287,0,0,1,0,0,1,0,1,1,0,0,0,0,0,1,0
404,0,0,0.34475,1,0,0.4525537667382542,0,0,1,0,0,1,0,1,2,0,0,0,0,0,1,0
405,0,1,0.24474999999999997,0,0,0.36344855811683735,0,0,1,0,0,1,1,0,1,0,0,0,0,0,1,0
406,0,0,0.41974999999999996,1,0,0.49528655446802217,0,1,0,0,0,1,0,1,1,0,0,0,0,0,1,0
407,0,0,0.63225,0,0,0.3475536651219202,0,0,1,0,0,1,1,0,1,0,0,0,0,0,1,0
408,1,0,0.03225,1,1,0.47799919815831027,0,1,0,0,0,1,0,2,3,0,0,0,0,0,1,1
409,0,0,0.25725,0,0,0.34801082050793586,0,0,1,0,0,1,1,0,1,0,0,0,0,0,1,0
410,0,1,0.86975,3,1,0.5249047780663141,0,0,1,0,0,1,0,4,4,0,0,0,0,0,1,0
411,0,0,0.18225,0,0,0.3502016019446998,0,0,1,0,0,1,1,0,1,0,0,0,0,0,1,0
412,0,0,0.5822499999999999,0,0,0.3303312928008554,0,0,1,0,1,0,1,0,1,0,0,0,0,0,1,0
413,1,1,0.40725,1,0,0.7227878932056411,1,0,0,0,1,0,0,1,2,0,0,1,0,0,0,0
414,0,0,0.25725,0,0,0.0,0,1,0,0,0,1,1,0,3,0,0,0,0,0,1,0
415,1,0,0.54475,0,0,0.3507266966124076,0,0,1,0,0,1,1,0,1,0,0,0,0,0,1,0
416,0,1,0.06975,0,0,0.35295528405484916,0,0,1,0,0,1,1,0,1,0,0,0,0,0,1,0
417,1,1,0.41974999999999996,1,1,0.5626649479908982,0,1,0,0,0,1,0,2,1,0,0,0,0,0,1,0
418,1,1,0.21974999999999997,0,2,0.42286368807669106,0,1,0,0,0,1,0,2,1,0,0,0,0,0,1,0
419,0,0,0.36974999999999997,0,0,0.42286368807669106,0,1,0,0,0,1,1,0,1,0,0,0,0,0,1,0
420,0,1,0.11975,0,2,0.5167281848535599,0,0,1,0,0,1,0,2,3,0,0,0,0,0,1,0
421,0,0,0.36974999999999997,0,0,0.3502016019446998,0,0,1,1,0,0,1,0,1,0,0,0,0,0,1,0
422,0,0,0.25725,0,0,0.34724755706710003,0,0,1,0,1,0,1,0,1,0,0,0,0,0,1,0
423,0,0,0.35724999999999996,0,0,0.3498265096711498,0,0,1,0,0,1,1,0,1,0,0,0,0,0,1,0
424,0,1,0.34475,1,1,0.43813551021220537,0,0,1,0,0,1,0,2,2,0,0,0,0,0,1,0
425,0,0,0.21974999999999997,1,1,0.4894457748636945,0,0,1,0,0,1,0,2,2,0,0,0,0,0,1,0
426,0,0,0.23224999999999998,0,0,0.3381254838661527,0,0,1,0,0,1,1,0,1,0,0,0,0,0,1,0
427,1,1,0.34475,1,0,0.5281013477114938,0,1,0,0,0,1,0,1,1,0,0,0,0,0,1,0
428,1,1,0.23224999999999998,0,0,0.5281013477114938,0,1,0,0,0,1,1,0,2,0,0,0,0,0,1,0
429,0,0,0.56975,0,0,0.3475536651219202,0,0,1,0,1,0,1,0,1,0,0,0,0,0,1,0
430,1,0,0.39475,0,0,0.35295528405484916,0,0,1,0,0,1,1,0,1,0,0,0,0,1,0,0
431,1,0,0.34475,0,0,0.5313325505056177,1,0,0,0,0,1,1,0,1,0,0,1,0,0,0,0
432,1,1,0.54475,1,0,0.45491364524217526,0,0,1,0,0,1,0,1,2,0,0,0,0,0,1,0
433,1,1,0.5197499999999999,1,0,0.5281013477114938,0,1,0,0,0,1,0,1,1,0,0,0,0,0,1,0
434,0,0,0.20725,0,0,0.3356791332316349,0,0,1,0,0,1,1,0,1,0,0,0,0,0,1,0
435,0,0,0.61975,1,0,0.6475482867996225,1,0,0,0,0,1,0,1,2,0,0,0,0,1,0,0
436,1,1,0.16975,1,2,0.7684432068211328,1,0,0,0,0,1,0,3,4,0,1,0,0,0,0,0
437,0,1,0.25725,2,2,0.5713912159474593,0,0,1,0,0,1,0,4,4,0,0,0,0,0,1,0
438,1,1,0.29474999999999996,2,3,0.47799919815831027,0,1,0,0,0,1,0,5,3,0,0,0,0,0,1,0
439,0,0,0.79475,1,4,0.8934502391534316,1,0,0,0,0,1,0,5,4,0,0,1,0,0,0,0
440,0,0,0.38225,0,0,0.39134423619738523,0,1,0,0,0,1,1,0,1,0,0,0,0,0,1,0
441,1,1,0.55725,1,1,0.529578158664277,0,1,0,0,0,1,0,2,3,0,0,0,0,0,1,0
442,0,0,0.24474999999999997,0,0,0.37676756853227744,0,0,1,0,0,1,1,0,1,0,0,0,0,0,1,0
443,0,0,0.30724999999999997,1,0,0.34801082050793586,0,0,1,0,0,1,0,1,1,0,0,0,0,0,1,0
444,1,1,0.34475,0,0,0.42286368807669106,0,1,0,0,0,1,1,0,1,0,0,0,0,0,1,0
445,1,0,0.41974999999999996,0,0,0.35405806097556797,0,0,1,0,0,1,1,0,1,0,0,0,0,0,1,0
446,1,0,0.04475,0,2,0.7077696544942279,1,0,0,0,0,1,0,2,1,1,0,0,0,0,0,1
447,1,1,0.15725,0,1,0.4839713001232257,0,1,0,0,0,1,0,1,2,0,0,0,0,0,1,0
448,1,0,0.41974999999999996,0,0,0.5313325505056177,1,0,0,0,0,1,1,0,1,0,0,0,0,0,1,0
449,1,1,0.05725,2,1,0.4820708903996448,0,0,1,1,0,0,0,3,4,0,0,0,0,0,1,0
450,1,0,0.6447499999999999,0,0,0.5528013511027754,1,0,0,0,0,1,1,0,1,0,0,1,0,0,0,0
451,0,0,0.44475,1,2,0.5381641153575258,0,1,0,0,0,1,0,3,3,0,0,0,0,0,1,0
452,0,0,0.35724999999999996,1,0,0.48757823439877934,0,0,1,0,0,1,0,1,1,0,0,0,0,0,1,0
453,0,0,0.36974999999999997,0,0,0.5381641153575258,1,0,0,1,0,0,1,0,1,0,0,1,0,0,0,0
454,1,0,0.60725,1,0,0.7212027531446068,1,0,0,1,0,0,0,1,2,0,0,1,0,0,0,0
455,0,0,0.6447499999999999,0,0,0.35295528405484916,0,0,1,0,0,1,1,0,1,0,0,0,0,0,1,0
456,1,0,0.35724999999999996,0,0,0.3502016019446998,0,0,1,1,0,0,1,0,1,0,0,0,0,0,1,0
457,0,0,0.80725,0,0,0.5313325505056177,1,0,0,0,0,1,1,0,1,0,0,0,0,1,0,0
458,1,1,0.35724999999999996,1,0,0.635754966338881,1,0,0,0,0,1,0,1,1,0,0,0,1,0,0,0
459,1,1,0.61975,0,0,0.39134423619738523,0,1,0,0,0,1,1,0,1,0,0,0,0,0,1,0
460,0,0,0.36974999999999997,0,0,0.3475536651219202,0,0,1,0,1,0,1,0,1,0,0,0,0,0,1,0
461,1,0,0.59475,0,0,0.5313325505056177,1,0,0,0,0,1,1,0,1,0,0,0,0,1,0,0
462,0,0,0.41974999999999996,0,0,0.35295528405484916,0,0,1,0,0,1,1,0,1,0,0,0,0,0,1,0
463,0,0,0.5822499999999999,0,0,0.589064149215766,1,0,0,0,0,1,1,0,1,0,0,0,0,1,0,0
464,0,0,0.59475,0,0,0.42286368807669106,0,1,0,0,0,1,1,0,1,0,0,0,0,0,1,0
465,0,0,0.33225,0,0,0.35295528405484916,0,0,1,0,0,1,1,0,1,0,0,0,0,0,1,0
466,0,0,0.46975,0,0,0.33419319194156843,0,0,1,0,0,1,1,0,1,0,0,0,0,0,1,0
467,0,0,0.61975,0,0,0.0,0,1,0,0,0,1,1,0,3,0,0,0,0,0,1,0
468,0,0,0.69475,0,0,0.5313325505056177,1,0,0,0,0,1,1,0,1,0,0,0,0,0,1,0
469,0,0,0.29474999999999996,0,0,0.3470952017072668,0,0,1,0,1,0,1,0,1,0,0,0,0,0,1,0
470,1,1,0.004125,2,1,0.4820708903996448,0,0,1,1,0,0,0,3,4,0,0,0,0,0,1,0
471,0,0,0.50725,0,0,0.3381254838661527,0,0,1,0,0,1,1,0,1,0,0,0,0,0,1,0
472,0,0,0.46975,0,0,0.36344855811683735,0,0,1,0,0,1,1,0,1,0,0,0,0,0,1,0
473,1,1,0.40725,1,2,0.5381641153575258,0,1,0,0,0,1,0,3,3,0,0,0,0,0,1,0
474,1,1,0.28225,0,0,0.43167791840596337,0,1,0,1,0,0,1,0,1,0,0,0,1,0,0,0
475,0,1,0.26975,0,0,0.3818368689483545,0,0,1,0,0,1,1,0,1,0,0,0,0,0,1,0
476,0,0,0.26975,0,0,0.6361712049470615,1,0,0,0,0,1,1,0,2,1,0,0,0,0,0,0
477,0,0,0.41974999999999996,1,0,0.49528655446802217,0,1,0,0,0,1,0,1,2,0,0,0,0,0,1,0
478,0,0,0.35724999999999996,1,0,0.3341095703753804,0,0,1,0,0,1,0,1,1,0,0,0,0,0,1,0
479,0,0,0.26975,0,0,0.3433005296109263,0,0,1,0,0,1,1,0,1,0,0,0,0,0,1,0
480,1,1,0.01975,0,1,0.4144941515201204,0,0,1,0,0,1,0,1,1,0,0,0,0,0,1,0
481,0,0,0.10725,5,2,0.6199594201430055,0,0,1,0,0,1,0,7,6,0,0,0,0,0,1,1
482,0,0,0.36974999999999997,0,0,0.0,0,1,0,0,0,1,1,0,1,0,0,0,0,0,1,0
483,0,0,0.61975,0,0,0.35295528405484916,0,0,1,0,0,1,1,0,1,0,0,0,0,0,1,0
484,1,1,0.78225,0,0,0.37809730939294867,0,0,1,0,0,1,1,0,1,0,0,0,0,0,1,0
485,1,0,0.30724999999999997,1,0,0.7246769696172585,1,0,0,1,0,0,0,1,2,0,1,0,0,0,0,0
486,0,1,0.26975,3,1,0.5249047780663141,0,0,1,0,0,1,0,4,4,0,0,0,0,0,1,0
487,1,1,0.43224999999999997,1,0,0.7227878932056411,1,0,0,0,0,1,0,1,2,0,0,1,0,0,0,0
488,0,0,0.71975,0,0,0.5486793783580444,1,0,0,1,0,0,1,0,1,0,1,0,0,0,0,0
489,0,0,0.36974999999999997,0,0,0.35295528405484916,0,0,1,0,0,1,1,0,1,0,0,0,0,0,1,0
490,1,0,0.10725,1,1,0.45302853109775937,0,0,1,0,0,1,0,2,2,0,0,0,0,0,1,1
491,0,0,0.04475,1,0,0.48757823439877934,0,0,1,0,0,1,0,1,1,0,0,0,0,0,1,0
492,0,0,0.25725,0,0,0.3381254838661527,0,0,1,0,0,1,1,0,1,0,0,0,0,0,1,0
493,0,0,0.68225,0,0,0.5528013511027754,1,0,0,0,0,1,1,0,1,0,0,1,0,0,0,0
494,0,0,0.88225,0,0,0.6284423071472074,1,0,0,1,0,0,1,0,1,0,0,0,0,0,1,0
495,0,0,0.25725,0,0,0.35295528405484916,0,0,1,0,0,1,1,0,1,0,0,0,0,0,1,0
496,0,0,0.34475,0,0,0.4387409607074707,0,0,1,1,0,0,1,0,2,0,0,0,0,0,1,0
497,1,1,0.66975,1,0,0.7006691272358186,1,0,0,1,0,0,0,1,2,0,0,0,1,0,0,0
498,0,0,0.30724999999999997,0,0,0.44525814299902416,0,0,1,0,0,1,1,0,1,0,0,0,0,0,1,0
499,0,1,0.30724999999999997,1,2,0.8055694580427181,1,0,0,0,0,1,0,3,4,0,0,1,0,0,0,0
500,0,0,0.29474999999999996,0,0,0.348390182281133,0,0,1,0,0,1,1,0,1,0,0,0,0,0,1,0
501,0,0,0.20725,0,0,0.36344855811683735,0,0,1,0,0,1,1,0,1,0,0,0,0,0,1,0
502,0,1,0.25725,0,0,0.3475536651219202,0,0,1,0,1,0,1,0,1,0,0,0,0,0,1,0
503,0,1,0.43224999999999997,0,0,0.3453261240947008,0,0,1,0,1,0,1,0,1,0,0,0,0,0,1,0
504,0,1,0.45725,0,0,0.37809730939294867,0,0,1,0,0,1,1,0,1,0,0,0,0,0,1,0
505,1,1,0.19475,0,0,0.7165034463969724,1,0,0,0,0,1,1,0,3,0,1,0,0,0,0,0
506,0,0,0.21974999999999997,1,0,0.7530256522025331,1,0,0,1,0,0,0,1,2,0,0,1,0,0,0,0
507,1,1,0.40725,0,2,0.5281013477114938,0,1,0,0,0,1,0,2,2,0,0,0,0,0,1,0
508,1,0,0.04475,0,0,0.5313325505056177,1,0,0,0,0,1,1,0,1,0,0,0,0,0,1,0
509,0,0,0.34475,0,0,0.5060255577752875,0,0,1,0,0,1,1,0,1,0,0,0,0,0,1,0
510,1,0,0.31975,0,0,0.6492173620225161,0,0,1,0,0,1,1,0,7,0,0,0,0,0,1,0
511,1,0,0.35724999999999996,0,0,0.3475536651219202,0,0,1,0,1,0,1,0,1,0,0,0,0,0,1,0
512,0,0,0.004125,0,0,0.35295528405484916,0,0,1,0,0,1,1,0,1,0,0,0,0,0,1,0
513,1,0,0.44475,0,0,0.5297985110081133,1,0,0,0,0,1,1,0,1,0,0,0,0,1,0,0
514,1,1,0.66975,1,0,0.6571131889470551,1,0,0,1,0,0,0,1,1,0,0,0,0,0,1,0
515,0,0,0.29474999999999996,0,0,0.34282971590727757,0,0,1,0,0,1,1,0,1,0,0,0,0,0,1,0
516,0,0,0.5822499999999999,0,0,0.5697787630490322,1,0,0,0,0,1,1,0,1,0,0,0,1,0,0,0
517,1,1,0.41974999999999996,0,0,0.39134423619738523,0,1,0,0,0,1,1,0,1,0,0,0,0,0,0,0
518,0,0,0.43224999999999997,0,0,0.5167281848535599,0,0,1,0,1,0,1,0,3,0,0,0,0,0,1,0
519,1,1,0.44475,1,0,0.5281013477114938,0,1,0,0,0,1,0,1,1,0,0,0,0,0,1,0
520,0,0,0.39475,0,0,0.3502016019446998,0,0,1,0,0,1,1,0,1,0,0,0,0,0,1,0
521,1,1,0.36974999999999997,0,0,0.7288351336732733,1,0,0,0,0,1,1,0,2,0,1,0,0,0,0,0
522,0,0,0.26975,0,0,0.3502016019446998,0,0,1,0,0,1,1,0,1,0,0,0,0,0,1,0
523,0,0,0.54475,0,0,0.33763919258513786,0,0,1,1,0,0,1,0,1,0,0,0,0,0,1,0
524,1,1,0.54475,0,1,0.6532989635355536,1,0,0,1,0,0,0,1,2,0,1,0,0,0,0,0
525,0,0,0.61975,0,0,0.3377209927336551,0,0,1,1,0,0,1,0,1,0,0,0,0,0,1,0
526,0,0,0.501,0,0,0.3475536651219202,0,0,1,0,1,0,1,0,1,0,0,0,0,0,1,0
527,1,1,0.61975,0,0,0.39134423619738523,0,1,0,0,0,1,1,0,1,0,0,0,0,0,1,0
528,0,0,0.60725,0,0,0.8662478349118685,1,0,0,0,0,1,1,0,1,0,0,1,0,0,0,0
529,0,0,0.48224999999999996,0,0,0.3507266966124076,0,0,1,0,0,1,1,0,1,0,0,0,0,0,1,0
530,0,0,0.28225,2,1,0.40470470937773706,0,1,0,0,0,1,0,3,1,0,0,0,0,0,1,0
531,1,1,0.01975,1,1,0.5281013477114938,0,1,0,0,0,1,0,2,2,0,0,0,0,0,1,0
532,0,0,0.376,0,0,0.3377209927336551,0,0,1,1,0,0,1,0,1,0,0,0,0,0,1,0
533,0,0,0.20725,1,1,0.3377209927336551,0,0,1,1,0,0,0,2,1,0,0,0,0,0,1,0
534,1,1,0.23224999999999998,0,2,0.5048860932177652,0,0,1,1,0,0,0,2,2,0,0,0,0,0,1,0
535,0,1,0.36974999999999997,0,0,0.36344855811683735,0,0,1,0,0,1,1,0,1,0,0,0,0,0,1,0
536,1,1,0.08225,0,2,0.529578158664277,0,1,0,0,0,1,0,2,3,0,0,0,0,0,1,0
537,0,0,0.55725,0,0,0.5313325505056177,1,0,0,0,0,1,1,0,1,0,1,0,0,0,0,0
538,1,1,0.36974999999999997,0,0,0.7493758791878099,1,0,0,1,0,0,1,0,2,0,0,0,0,0,1,0
539,0,0,0.25725,0,0,0.43917261968469046,0,0,1,0,0,1,1,0,1,0,0,0,0,0,1,0
540,1,1,0.26975,0,2,0.6284289814045623,1,0,0,1,0,0,0,2,1,0,1,0,0,0,0,0
541,1,1,0.44475,0,2,0.6852624183133631,1,0,0,0,0,1,0,2,2,0,1,0,0,0,0,0
542,0,1,0.10725,4,2,0.556695873257052,0,0,1,0,0,1,0,6,7,0,0,0,0,0,1,0
543,0,1,0.13225,4,2,0.556695873257052,0,0,1,0,0,1,0,6,7,0,0,0,0,0,1,0
544,1,0,0.39475,1,0,0.5281013477114938,0,1,0,0,0,1,0,1,2,0,0,0,0,0,1,0
545,0,0,0.61975,1,0,0.7493758791878099,1,0,0,1,0,0,0,1,2,0,0,1,0,0,0,0
546,0,0,0.79475,0,0,0.5281013477114938,1,0,0,0,0,1,1,0,1,0,0,0,0,0,1,0
547,1,1,0.23224999999999998,1,0,0.5281013477114938,0,1,0,0,0,1,0,1,2,0,0,0,0,0,1,0
548,1,0,0.31975,0,0,0.4324430381951561,0,1,0,1,0,0,1,0,1,0,0,0,0,0,1,0
549,0,0,0.40725,1,1,0.49178908738045096,0,0,1,0,0,1,0,2,3,0,0,0,0,0,1,0
550,1,0,0.09475,1,1,0.5818031659922842,0,1,0,0,0,1,0,2,2,0,0,0,0,0,1,1
551,1,0,0.20725,0,2,0.7558914972956428,1,0,0,1,0,0,0,2,4,0,0,1,0,0,0,0
552,0,0,0.33225,0,0,0.5281013477114938,0,1,0,0,0,1,1,0,1,0,0,0,0,0,1,0
553,0,0,0.35724999999999996,0,0,0.34899747688919597,0,0,1,0,1,0,1,0,1,0,0,0,0,0,1,0
554,1,0,0.26975,0,0,0.33763919258513786,0,0,1,1,0,0,1,0,1,0,0,0,0,0,1,0
555,1,1,0.26975,0,0,0.34801082050793586,0,0,1,0,0,1,1,0,1,0,0,0,0,0,1,0
556,0,0,0.7697499999999999,0,0,0.5313325505056177,1,0,0,0,0,1,1,0,1,0,0,0,0,0,1,0
557,1,1,0.59475,1,0,0.593465328263533,1,0,0,1,0,0,0,1,1,1,0,0,0,0,0,0
558,0,0,0.63225,0,0,0.8703280791561688,1,0,0,1,0,0,1,0,4,0,0,0,0,0,1,0
559,1,1,0.48224999999999996,1,1,0.7034412659259898,1,0,0,0,0,1,0,2,3,0,0,0,0,1,0,0
560,1,1,0.44475,1,0,0.46665425915215614,0,0,1,0,0,1,0,1,1,0,0,0,0,0,1,0
561,0,0,0.35724999999999996,0,0,0.3475536651219202,0,0,1,0,1,0,1,0,1,0,0,0,0,0,1,0
562,0,0,0.49474999999999997,0,0,0.3502016019446998,0,0,1,0,0,1,1,0,1,0,0,0,0,0,1,0
563,0,0,0.34475,0,0,0.42848647040443827,0,1,0,0,0,1,1,0,1,0,0,0,0,0,1,0
564,0,0,0.59475,0,0,0.35295528405484916,0,0,1,0,0,1,1,0,1,0,0,0,0,0,1,0
565,0,1,0.30724999999999997,0,0,0.35295528405484916,0,0,1,0,0,1,1,0,1,0,0,0,0,0,1,0
566,0,0,0.29474999999999996,2,0,0.5167281848535599,0,0,1,0,0,1,0,2,2,0,0,0,0,0,1,0
567,0,0,0.23224999999999998,0,0,0.3502016019446998,0,0,1,0,0,1,1,0,1,0,0,0,0,0,1,0
568,0,1,0.35724999999999996,0,4,0.495831873839879,0,0,1,0,0,1,0,4,4,0,0,0,0,0,1,0
569,0,0,0.21974999999999997,0,0,0.3377209927336551,0,0,1,1,0,0,1,0,1,0,0,0,0,0,1,0
570,1,0,0.39475,0,0,0.3494505372759428,0,0,1,0,0,1,1,0,1,0,0,0,0,0,1,0
571,1,0,0.7697499999999999,0,0,0.39134423619738523,0,1,0,0,0,1,1,0,1,0,0,0,0,0,1,0
572,1,1,0.65725,2,0,0.6345889034401546,1,0,0,0,0,1,0,2,1,0,0,1,0,0,0,0
573,1,0,0.44475,0,0,0.530384640071773,1,0,0,0,0,1,1,0,1,0,0,0,0,1,0,0
574,1,1,0.40725,0,0,0.3475536651219202,0,0,1,0,1,0,1,0,1,0,0,0,0,0,1,0
575,0,0,0.19475,0,0,0.35295528405484916,0,0,1,0,0,1,1,0,1,0,0,0,0,0,1,0
576,0,0,0.23224999999999998,0,0,0.43917261968469046,0,0,1,0,0,1,1,0,2,0,0,0,0,0,1,0
577,1,1,0.41974999999999996,0,0,0.42286368807669106,0,1,0,0,0,1,1,0,1,0,0,0,0,0,1,0
578,1,1,0.48224999999999996,1,0,0.6475482867996225,1,0,0,0,0,1,0,1,2,0,0,0,0,1,0,0
579,0,1,0.36974999999999997,1,0,0.4387409607074707,0,0,1,1,0,0,0,1,1,0,0,0,0,0,1,0
580,1,0,0.39475,0,0,0.3507266966124076,0,0,1,0,0,1,1,0,1,0,0,0,0,0,1,0
581,1,1,0.30724999999999997,1,1,0.5502375707421462,0,1,0,0,0,1,0,2,1,0,0,0,0,0,1,0
582,1,1,0.48224999999999996,1,1,0.7558914972956428,1,0,0,1,0,0,0,2,4,0,0,1,0,0,0,0
583,0,0,0.66975,0,0,0.5281013477114938,0,1,0,0,0,1,1,0,2,0,0,0,0,0,1,0
584,0,0,0.44475,0,0,0.5955240228027343,1,0,0,1,0,0,1,0,1,1,0,0,0,0,0,0
585,0,0,0.28225,0,0,0.36427556823199125,0,0,1,1,0,0,1,0,1,0,0,0,0,0,1,0
586,1,1,0.21974999999999997,0,2,0.7034412659259898,1,0,0,0,0,1,0,2,3,0,0,0,0,1,0,0
587,0,0,0.5822499999999999,0,0,0.44425980422982303,0,1,0,0,0,1,1,0,1,0,0,0,0,0,1,0
588,1,0,0.74475,1,1,0.7025447166880028,1,0,0,1,0,0,0,2,1,0,1,0,0,0,0,0
589,0,0,0.26975,0,0,0.35295528405484916,0,0,1,0,0,1,1,0,1,0,0,0,0,0,1,0
590,0,0,0.48224999999999996,0,0,0.35295528405484916,0,0,1,0,0,1,1,0,1,0,0,0,0,0,1,0
591,0,0,0.43224999999999997,0,0,0.3356791332316349,0,0,1,0,0,1,1,0,1,0,0,0,0,0,1,0
592,1,1,0.6447499999999999,1,0,0.7006691272358186,1,0,0,1,0,0,0,1,2,0,0,0,1,0,0,0
593,0,0,0.5822499999999999,0,0,0.3381254838661527,0,0,1,0,0,1,1,0,1,0,0,0,0,0,1,0
594,0,1,0.39475,0,2,0.3475536651219202,0,0,1,0,1,0,0,2,1,0,0,0,0,0,1,0
595,0,0,0.45725,1,0,0.5281013477114938,0,1,0,0,0,1,0,1,1,0,0,0,0,0,1,0
596,0,0,0.44475,1,1,0.5167281848535599,0,0,1,0,0,1,0,2,3,0,0,0,0,0,1,0
597,1,1,0.41974999999999996,0,0,0.5650388114700938,0,1,0,0,0,1,1,0,3,0,0,0,0,0,1,0
598,0,0,0.60725,0,0,0.0,0,0,1,0,0,1,1,0,4,0,0,0,0,0,1,0
599,0,0,0.35724999999999996,0,0,0.33763919258513786,0,0,1,1,0,0,1,0,1,0,0,0,0,0,1,0
600,1,0,0.60725,1,0,0.6504206584545379,1,0,0,1,0,0,0,1,2,1,0,0,0,0,0,0
601,1,1,0.29474999999999996,2,1,0.5339286391341468,0,1,0,0,0,1,0,3,2,0,0,0,0,0,1,0
602,0,0,0.36974999999999997,0,0,0.3502016019446998,0,0,1,0,0,1,1,0,1,0,0,0,0,0,1,0
603,0,0,0.55725,0,0,0.6041514775437852,1,0,0,0,0,1,1,0,1,0,0,0,0,0,1,0
604,0,0,0.54475,0,0,0.35295528405484916,0,0,1,0,0,1,1,0,1,0,0,0,0,0,1,0
605,1,0,0.43224999999999997,0,0,0.5313325505056177,1,0,0,1,0,0,1,0,1,0,0,0,0,0,1,0
606,0,0,0.44475,1,0,0.449675254821797,0,0,1,0,0,1,0,1,1,0,0,0,0,0,1,0
607,0,0,0.36974999999999997,0,0,0.3502016019446998,0,0,1,0,0,1,1,0,1,0,0,0,0,0,1,0
608,1,0,0.33225,0,0,0.5528013511027754,1,0,0,0,0,1,1,0,1,0,0,0,0,0,1,0
609,1,1,0.26975,1,2,0.6010920603306373,0,1,0,1,0,0,0,3,3,0,0,0,0,0,1,0
610,1,1,0.49474999999999997,0,0,0.8075657891202526,1,0,0,0,0,1,1,0,3,0,0,1,0,0,0,0
611,0,1,0.48224999999999996,1,5,0.556695873257052,0,0,1,0,0,1,0,6,7,0,0,0,0,0,1,0
612,0,0,0.44475,0,0,0.33419319194156843,0,0,1,0,0,1,1,0,1,0,0,0,0,0,1,0
613,1,1,0.03225,1,0,0.4491904349236085,0,0,1,0,1,0,0,1,2,0,0,0,0,0,1,0
614,0,0,0.49474999999999997,0,0,0.3475536651219202,0,0,1,0,1,0,1,0,1,0,0,0,0,0,1,0
615,0,0,0.43224999999999997,0,0,0.35295528405484916,0,0,1,0,0,1,1,0,1,0,0,0,0,0,1,0
616,1,1,0.29474999999999996,1,2,0.67132033703852,0,1,0,0,0,1,0,3,2,0,0,0,0,0,1,0
617,0,0,0.41974999999999996,1,1,0.43813551021220537,0,0,1,0,0,1,0,2,2,0,0,0,0,0,1,0
618,0,1,0.31975,1,0,0.45491364524217526,0,0,1,0,0,1,0,1,2,0,0,0,0,0,1,0
619,1,1,0.04475,2,1,0.5910796833899636,0,1,0,0,0,1,0,3,2,0,0,0,0,0,0,0
620,0,0,0.31975,0,0,0.39134423619738523,0,1,0,0,0,1,1,0,1,0,0,0,0,0,1,0
621,0,0,0.33225,1,0,0.4386984565615303,0,0,1,1,0,0,0,1,2,0,0,0,0,0,1,0
622,1,0,0.5197499999999999,1,0,0.6378379970302275,1,0,0,0,0,1,0,1,1,0,0,0,1,0,0,0
623,1,0,0.24474999999999997,1,1,0.4515205782884459,0,0,1,1,0,0,0,2,2,0,0,0,0,0,1,0
624,0,0,0.25725,0,0,0.3494505372759428,0,0,1,0,0,1,1,0,1,0,0,0,0,0,1,0
625,0,0,0.25725,0,0,0.45491364524217526,0,0,1,0,0,1,1,0,2,0,0,0,0,0,1,0
626,0,0,0.75725,0,0,0.5618055210970822,1,0,0,0,0,1,1,0,1,0,0,0,1,0,0,0
627,0,0,0.7072499999999999,0,0,0.415246066809403,0,1,0,0,1,0,1,0,1,0,0,0,0,0,1,0
628,1,1,0.25725,0,0,0.7000444993352338,1,0,0,0,0,1,1,0,3,0,0,0,1,0,0,0
629,0,0,0.31975,0,0,0.3502016019446998,0,0,1,0,0,1,1,0,1,0,0,0,0,0,1,0
630,0,0,0.74475,0,0,0.34724755706710003,0,0,1,0,1,0,1,0,1,0,0,0,0,0,1,0
631,1,0,0.99475,0,0,0.5502375707421462,1,0,0,0,0,1,1,0,1,1,0,0,0,0,0,0
632,0,0,0.63225,0,0,0.33427676989048954,0,0,1,0,0,1,1,0,1,0,0,0,0,0,1,0
633,1,0,0.39475,0,0,0.5528013511027754,1,0,0,1,0,0,1,0,1,0,1,0,0,0,0,0
634,0,0,0.45725,0,0,0.0,1,0,0,0,0,1,1,0,1,0,0,0,0,0,1,0
635,0,1,0.10725,3,2,0.5389979395502239,0,0,1,0,0,1,0,5,6,0,0,0,0,0,1,0
636,1,1,0.34475,0,0,0.42286368807669106,0,1,0,0,0,1,1,0,1,0,0,0,0,0,1,0
637,0,0,0.39475,0,0,0.3507266966124076,0,0,1,0,0,1,1,0,1,0,0,0,0,0,1,0
638,0,0,0.38225,1,1,0.529578158664277,0,1,0,0,0,1,0,2,3,0,0,0,0,0,1,0
639,0,1,0.50725,0,5,0.5938102861020564,0,0,1,0,0,1,0,5,6,0,0,0,0,0,1,0
640,0,0,0.61975,1,0,0.45491364524217526,0,0,1,0,0,1,0,1,2,0,0,0,0,0,1,0
641,0,0,0.24474999999999997,0,0,0.3494505372759428,0,0,1,0,0,1,1,0,1,0,0,0,0,0,1,0
642,1,1,0.29474999999999996,0,0,0.6814337631908569,1,0,0,1,0,0,1,0,2,0,1,0,0,0,0,0
643,0,1,0.01975,3,2,0.5389979395502239,0,0,1,0,0,1,0,5,6,0,0,0,0,0,1,0
644,1,0,0.44475,0,0,0.6492173620225161,0,0,1,0,0,1,1,0,7,0,0,0,0,0,1,0
645,1,1,0.004125,2,1,0.4820708903996448,0,0,1,1,0,0,0,3,4,0,0,0,0,0,1,0
646,1,0,0.59475,1,0,0.6975306263001565,1,0,0,1,0,0,0,1,3,0,0,0,1,0,0,0
647,0,0,0.23224999999999998,0,0,0.3502016019446998,0,0,1,0,0,1,1,0,1,0,0,0,0,0,1,0
648,1,0,0.69475,0,0,0.5764076106287911,1,0,0,1,0,0,1,0,1,1,0,0,0,0,0,0
649,0,0,0.21974999999999997,0,0,0.34384869418471947,0,0,1,0,0,1,1,0,1,0,0,0,0,0,1,0
650,1,1,0.28225,0,0,0.34384869418471947,0,0,1,0,0,1,1,0,1,0,0,0,0,0,1,0
651,0,0,0.28225,0,0,0.3502016019446998,0,0,1,0,0,1,1,0,1,0,0,0,0,0,1,0
652,1,1,0.21974999999999997,0,1,0.5092286357428653,0,1,0,0,0,1,0,1,2,0,0,0,0,0,1,0
653,0,0,0.25725,0,0,0.3596019390794455,0,0,1,0,0,1,1,0,1,0,0,0,0,0,1,0
654,1,1,0.21974999999999997,0,0,0.34899747688919597,0,0,1,0,1,0,1,0,1,0,0,0,0,0,1,0
655,0,1,0.21974999999999997,0,0,0.32810766862723467,0,0,1,0,1,0,1,0,1,0,0,0,0,0,1,0
656,0,0,0.29474999999999996,2,0,0.6907316473431995,0,1,0,0,0,1,0,2,5,0,0,0,0,0,1,0
657,0,0,0.06975,0,0,0.3502016019446998,0,0,1,0,0,1,1,0,1,0,0,0,0,0,1,0
658,0,1,0.39475,1,1,0.4491904349236085,0,0,1,0,1,0,0,2,2,0,0,0,0,0,1,0
659,0,0,0.28225,0,0,0.42286368807669106,0,1,0,0,0,1,1,0,1,0,0,0,0,0,1,0
660,0,0,0.71975,0,2,0.7592806561689713,1,0,0,1,0,0,0,2,3,0,0,0,1,0,0,0
661,1,0,0.61975,2,0,0.7855702199804014,1,0,0,0,0,1,0,2,2,0,0,0,0,0,1,0
662,0,0,0.49474999999999997,0,0,0.33763919258513786,0,0,1,1,0,0,1,0,1,0,0,0,0,0,1,0
663,0,0,0.5822499999999999,0,0,0.5256344530864218,1,0,0,0,0,1,1,0,1,0,0,0,0,1,0,0
664,0,0,0.44475,0,0,0.34282971590727757,0,0,1,0,0,1,1,0,1,0,0,0,0,0,1,0
665,1,0,0.24474999999999997,1,0,0.3507266966124076,0,0,1,0,0,1,0,1,1,0,0,0,0,0,1,0
666,0,0,0.39475,2,0,0.6907316473431995,0,1,0,0,0,1,0,2,5,0,0,0,0,0,1,0
667,0,0,0.30724999999999997,0,0,0.42286368807669106,0,1,0,0,0,1,1,0,1,0,0,0,0,0,1,0
668,0,0,0.34475,0,0,0.34801082050793586,0,0,1,0,0,1,1,0,1,0,0,0,0,0,1,0
669,0,0,0.53225,0,0,0.35295528405484916,0,0,1,0,0,1,1,0,1,0,0,0,0,0,1,0
670,1,1,0.00625,1,0,0.6361712049470615,1,0,0,0,0,1,0,1,2,0,0,1,0,0,0,0
671,1,1,0.49474999999999997,1,1,0.5910796833899636,0,1,0,0,0,1,0,2,2,0,0,0,0,0,1,0
672,0,0,0.38225,1,0,0.6361712049470615,1,0,0,0,0,1,0,1,1,0,1,0,0,0,0,0
673,0,0,0.86975,0,0,0.39134423619738523,0,1,0,0,0,1,1,0,1,0,0,0,0,0,1,0
674,1,0,0.38225,0,0,0.42286368807669106,0,1,0,0,0,1,1,0,1,0,0,0,0,0,1,0
675,0,0,0.19475,0,0,0.0,0,1,0,0,0,1,1,0,1,0,0,0,0,0,1,0
676,0,0,0.21974999999999997,0,0,0.34801082050793586,0,0,1,0,0,1,1,0,1,0,0,0,0,0,1,0
677,0,0,0.301,0,0,0.35295528405484916,0,0,1,0,0,1,1,0,1,0,0,0,0,0,1,0
678,1,1,0.21974999999999997,0,0,0.3818989540802477,0,0,1,0,0,1,1,0,1,0,0,0,0,0,1,0
679,0,1,0.53225,1,6,0.6199594201430055,0,0,1,0,0,1,0,7,6,0,0,0,0,0,1,0
680,1,0,0.44475,0,1,1.0,1,0,0,1,0,0,0,1,3,0,1,0,0,0,0,0
681,0,1,0.36974999999999997,0,0,0.3544970553710043,0,0,1,0,1,0,1,0,1,0,0,0,0,0,1,0
682,1,0,0.33225,0,0,0.6975306263001565,1,0,0,1,0,0,1,0,3,0,0,0,1,0,0,0
683,0,0,0.24474999999999997,0,0,0.37251505985030076,0,0,1,0,0,1,1,0,1,0,0,0,0,0,1,0
684,0,0,0.16975,5,2,0.6199594201430055,0,0,1,0,0,1,0,7,6,0,0,0,0,0,1,0
685,0,0,0.74475,1,1,0.5910796833899636,0,1,0,0,0,1,0,2,2,0,0,0,0,0,1,0
686,0,0,0.30724999999999997,1,2,0.6010920603306373,0,1,0,1,0,0,0,3,3,0,0,0,0,0,1,0
687,0,0,0.16975,4,1,0.5938102861020564,0,0,1,0,0,1,0,5,6,0,0,0,0,0,1,0
688,0,0,0.23224999999999998,0,0,0.3866904645176899,0,0,1,0,0,1,1,0,1,0,0,0,0,0,1,0
689,0,0,0.21974999999999997,0,0,0.348390182281133,0,0,1,0,0,1,1,0,1,0,0,0,0,0,1,0
690,1,1,0.18225,0,1,0.8585559919103045,1,0,0,0,0,1,0,1,3,0,1,0,0,0,0,0
691,1,0,0.38225,1,0,0.6506163725193498,1,0,0,0,0,1,0,1,2,0,1,0,0,0,0,0
692,1,1,0.04475,0,1,0.4275633060276017,0,0,1,1,0,0,0,1,1,0,0,0,0,0,1,0
693,1,0,0.29474999999999996,0,0,0.6492173620225161,0,0,1,0,0,1,1,0,7,0,0,0,0,0,1,0
694,0,0,0.30724999999999997,0,0,0.33763919258513786,0,0,1,1,0,0,1,0,1,0,0,0,0,0,1,0
695,0,0,0.74475,0,0,0.5313325505056177,1,0,0,0,0,1,1,0,1,0,0,0,0,0,1,0
696,0,0,0.6447499999999999,0,0,0.42848647040443827,0,1,0,0,0,1,1,0,1,0,0,0,0,0,1,0
697,0,0,0.54475,0,0,0.35295528405484916,0,0,1,0,0,1,1,0,1,0,0,0,0,0,1,0
698,1,1,0.21974999999999997,0,0,0.34724755706710003,0,0,1,0,1,0,1,0,1,0,0,0,0,0,1,0
699,0,0,0.60725,1,1,0.7558914972956428,1,0,0,1,0,0,0,2,4,0,0,1,0,0,0,0
700,0,0,0.5197499999999999,0,0,0.34571188790034396,0,0,1,0,0,1,1,0,1,0,0,0,0,0,0,0
701,1,1,0.21974999999999997,1,0,0.8703280791561688,1,0,0,1,0,0,0,1,4,0,0,1,0,0,0,0
702,1,0,0.43224999999999997,0,0,0.5297985110081133,1,0,0,0,0,1,1,0,1,0,0,0,0,1,0,0
703,0,1,0.21974999999999997,0,1,0.4386984565615303,0,0,1,1,0,0,0,1,2,0,0,0,0,0,1,0
704,0,0,0.30724999999999997,0,0,0.34740160068119624,0,0,1,0,1,0,1,0,1,0,0,0,0,0,1,0
705,0,0,0.31975,1,0,0.3494505372759428,0,0,1,0,0,1,0,1,1,0,0,0,0,0,1,0
706,0,0,0.48224999999999996,0,0,0.5281013477114938,0,1,0,0,0,1,1,0,2,0,0,0,0,0,1,0
707,1,1,0.55725,0,0,0.42848647040443827,0,1,0,0,0,1,1,0,1,0,0,0,0,0,1,0
708,1,0,0.5197499999999999,0,0,0.5297985110081133,1,0,0,0,0,1,1,0,1,0,0,0,0,1,0,0
709,1,1,0.26975,0,0,0.8055694580427181,1,0,0,0,0,1,1,0,4,0,0,0,0,0,1,0
710,1,0,0.36974999999999997,1,1,0.44670266490621674,0,0,1,1,0,0,0,2,2,0,0,0,0,0,1,1
711,1,1,0.29474999999999996,0,0,0.6284423071472074,1,0,0,1,0,0,1,0,1,0,0,1,0,0,0,0
712,0,0,0.75725,0,0,0.5313325505056177,1,0,0,0,0,1,1,0,1,0,0,1,0,0,0,0
713,1,0,0.59475,1,0,0.6361712049470615,1,0,0,0,0,1,0,1,2,0,0,1,0,0,0,0
714,0,0,0.35724999999999996,0,0,0.37651251911406697,0,0,1,0,0,1,1,0,1,0,0,0,0,0,1,0
715,0,0,0.6447499999999999,0,0,0.42286368807669106,0,1,0,0,0,1,1,0,2,0,0,0,0,0,1,0
716,0,0,0.23224999999999998,0,0,0.34571188790034396,0,0,1,0,0,1,1,0,1,0,0,0,0,0,0,0
717,1,1,0.46975,0,0,0.8703280791561688,1,0,0,1,0,0,1,0,4,0,0,1,0,0,0,0
718,1,1,0.33225,0,0,0.39134423619738523,0,1,0,0,0,1,1,0,1,0,0,0,0,1,0,0
719,0,0,0.23224999999999998,0,0,0.4491904349236085,0,0,1,0,1,0,1,0,1,0,0,0,0,0,1,0
720,0,0,0.40725,0,0,0.34801082050793586,0,0,1,0,0,1,1,0,1,0,0,0,0,0,1,0
721,1,1,0.06975,0,1,0.5650388114700938,0,1,0,0,0,1,0,1,3,0,0,0,0,0,1,0
722,0,0,0.20725,1,0,0.33427676989048954,0,0,1,0,0,1,0,1,1,0,0,0,0,0,1,0
723,0,0,0.41974999999999996,0,0,0.42286368807669106,0,1,0,0,0,1,1,0,1,0,0,0,0,0,1,0
724,0,0,0.61975,0,0,0.42286368807669106,0,1,0,0,0,1,1,0,1,0,0,0,0,0,1,0
725,1,0,0.33225,1,0,0.6394627518675874,1,0,0,0,0,1,0,1,2,0,0,0,0,1,0,0
726,0,0,0.24474999999999997,0,0,0.36344855811683735,0,0,1,0,0,1,1,0,1,0,0,0,0,0,1,0
727,1,1,0.36974999999999997,3,0,0.49528655446802217,0,1,0,0,0,1,0,3,2,0,0,0,0,0,1,0
728,1,1,0.49474999999999997,0,0,0.34732459738582777,0,0,1,0,1,0,1,0,1,0,0,0,0,0,1,0
729,0,0,0.30724999999999997,1,0,0.5281013477114938,0,1,0,0,0,1,0,1,1,0,0,0,0,0,1,0
730,0,1,0.30724999999999997,1,0,0.3507266966124076,0,0,1,0,0,1,0,1,1,0,0,0,0,0,1,0
731,1,1,0.35724999999999996,0,0,0.8585559919103045,1,0,0,0,0,1,1,0,3,0,1,0,0,0,0,0
732,0,0,0.13225,0,0,0.47830314928475054,0,0,1,1,0,0,1,0,2,0,0,0,0,0,1,0
733,0,0,0.26975,0,0,0.0,0,1,0,0,0,1,1,0,1,0,0,0,0,0,1,0
734,0,0,0.28225,0,0,0.42286368807669106,0,1,0,0,0,1,1,0,1,0,0,0,0,0,1,0
735,0,0,0.28225,0,0,0.42286368807669106,0,1,0,0,0,1,1,0,1,0,0,0,0,0,1,0
736,0,0,0.351,0,0,0.45491364524217526,0,0,1,0,0,1,1,0,2,0,0,0,0,0,1,0
737,0,1,0.59475,1,3,0.5713912159474593,0,0,1,0,0,1,0,4,4,0,0,0,0,0,1,0
738,1,0,0.43224999999999997,0,0,1.0,1,0,0,1,0,0,1,0,3,0,1,0,0,0,0,0
739,0,0,0.34475,0,0,0.3502016019446998,0,0,1,0,0,1,1,0,1,0,0,0,0,0,1,0
740,0,0,0.30724999999999997,0,0,0.3502016019446998,0,0,1,0,0,1,1,0,1,0,0,0,0,0,1,0
741,1,0,0.29474999999999996,0,0,0.5502375707421462,1,0,0,0,0,1,1,0,1,0,0,0,1,0,0,0
742,0,0,0.44475,1,0,0.7018439158340846,1,0,0,0,0,1,0,1,2,0,0,1,0,0,0,0
743,1,1,0.25725,2,2,0.8930704502718891,1,0,0,1,0,0,0,4,2,0,1,0,0,0,0,0
744,0,0,0.29474999999999996,1,0,0.45491364524217526,0,0,1,0,0,1,0,1,1,0,0,0,0,0,1,0
745,1,0,0.38225,0,0,0.3507266966124076,0,0,1,0,0,1,1,0,1,0,0,0,0,0,1,0
746,0,0,0.86975,1,1,0.6852624183133631,1,0,0,0,0,1,0,2,2,0,1,0,0,0,0,0
747,0,0,0.19475,1,1,0.48972878851532287,0,0,1,0,0,1,0,2,2,0,0,0,0,0,1,0
748,1,1,0.36974999999999997,0,0,0.42286368807669106,0,1,0,0,0,1,1,0,1,0,0,0,0,0,1,0
749,0,0,0.23224999999999998,1,0,0.6394627518675874,1,0,0,0,0,1,0,1,1,0,0,0,1,0,0,0
750,0,0,0.38225,0,0,0.3475536651219202,0,0,1,0,1,0,1,0,1,0,0,0,0,0,1,0
751,1,1,0.04475,1,1,0.5092286357428653,0,1,0,0,0,1,0,2,1,0,0,0,0,0,1,0
752,1,0,0.06975,0,1,0.4167393940590734,0,0,1,0,0,1,0,1,2,0,0,0,0,1,0,1
753,0,0,0.40725,0,0,0.37676756853227744,0,0,1,0,0,1,1,0,1,0,0,0,0,0,1,0
754,0,0,0.28225,0,0,0.3502016019446998,0,0,1,0,0,1,1,0,1,0,0,0,0,0,1,0
755,1,1,0.59475,1,2,0.67132033703852,0,1,0,0,0,1,0,3,2,0,0,0,0,0,1,0
756,1,0,0.0031250000000000006,1,1,0.43917261968469046,0,1,0,0,0,1,0,2,2,0,0,0,0,0,1,1
757,0,0,0.34475,0,0,0.348390182281133,0,0,1,0,0,1,1,0,1,0,0,0,0,0,1,0
758,0,0,0.21974999999999997,0,0,0.40470470937773706,0,1,0,0,0,1,1,0,1,0,0,0,0,0,1,0
759,0,0,0.41974999999999996,0,0,0.35295528405484916,0,0,1,0,0,1,1,0,1,0,0,0,0,0,1,0
760,1,1,0.40725,0,0,0.7165034463969724,1,0,0,0,0,1,1,0,3,0,1,0,0,0,0,0
761,0,0,0.19475,0,0,0.43917261968469046,0,0,1,0,0,1,1,0,2,0,0,0,0,0,1,0
762,0,0,0.50725,0,0,0.3356791332316349,0,0,1,0,0,1,1,0,1,0,0,0,0,0,1,0
763,1,0,0.24474999999999997,0,0,0.3377209927336551,0,0,1,1,0,0,1,0,1,0,0,0,0,0,1,0
764,1,1,0.44475,1,2,0.7684432068211328,1,0,0,0,0,1,0,3,4,0,1,0,0,0,0,0
765,0,0,0.19475,0,0,0.34801082050793586,0,0,1,0,0,1,1,0,1,0,0,0,0,0,1,0
766,1,1,0.63225,1,0,0.7000444993352338,1,0,0,0,0,1,0,1,3,0,0,0,1,0,0,0
767,0,0,0.29474999999999996,0,0,0.593465328263533,1,0,0,1,0,0,1,0,1,0,0,0,0,0,1,0
768,0,1,0.376,0,0,0.3475536651219202,0,0,1,0,1,0,1,0,1,0,0,0,0,0,1,0
769,0,0,0.34475,1,0,0.5167281848535599,0,0,1,0,1,0,0,1,3,0,0,0,0,0,1,0
770,0,0,0.39475,0,0,0.3583948034719131,0,0,1,0,0,1,1,0,1,0,0,0,0,0,1,0
771,0,0,0.29474999999999996,0,0,0.37676756853227744,0,0,1,0,0,1,1,0,1,0,0,0,0,0,1,0
772,0,0,0.59475,0,0,0.3494505372759428,0,0,1,0,0,1,1,0,1,0,0,0,0,0,1,0
773,0,1,0.7072499999999999,0,0,0.39134423619738523,0,1,0,0,0,1,1,0,2,0,0,0,0,1,0,0
774,0,0,0.01975,0,0,0.33763919258513786,0,0,1,1,0,0,1,0,1,0,0,0,0,0,1,0
775,1,1,0.66975,1,3,0.5092286357428653,0,1,0,0,0,1,0,4,1,0,0,0,0,0,1,0
776,0,0,0.21974999999999997,0,0,0.3475536651219202,0,0,1,0,0,1,1,0,1,0,0,0,0,0,1,0
777,0,0,0.38225,0,0,0.3475536651219202,0,0,1,0,1,0,1,0,1,0,0,0,0,0,0,0
778,1,1,0.05725,0,0,0.4167393940590734,0,0,1,0,0,1,1,0,2,0,0,0,0,0,1,0
779,0,0,0.10725,0,0,0.34732459738582777,0,0,1,0,1,0,1,0,1,0,0,0,0,0,1,0
780,1,1,0.53225,0,1,0.8585559919103045,1,0,0,0,0,1,0,1,3,0,1,0,0,0,0,0
781,1,1,0.15725,0,0,0.3377209927336551,0,0,1,1,0,0,1,0,1,0,0,0,0,0,1,0
782,1,1,0.20725,1,0,0.6506163725193498,1,0,0,0,0,1,0,1,2,0,1,0,0,0,0,0
783,0,0,0.35724999999999996,0,0,0.5502375707421462,1,0,0,0,0,1,1,0,1,0,0,0,1,0,0,0
784,0,0,0.351,1,2,0.5122051830222119,0,0,1,0,0,1,0,3,2,0,0,0,0,0,1,0
785,0,0,0.30724999999999997,0,0,0.33419319194156843,0,0,1,0,0,1,1,0,1,0,0,0,0,0,1,0
786,0,0,0.30724999999999997,0,0,0.3381254838661527,0,0,1,0,0,1,1,0,1,0,0,0,0,0,1,0
787,1,1,0.21974999999999997,0,0,0.34282971590727757,0,0,1,0,0,1,1,0,1,0,0,0,0,0,1,0
788,0,0,0.09475,4,1,0.5456498136790771,0,0,1,0,1,0,0,5,5,0,0,0,0,0,1,1
789,1,0,0.007250000000000001,1,2,0.4921608575103547,0,0,1,0,0,1,0,3,2,0,0,0,0,0,1,1
790,0,0,0.56975,0,0,0.7025447166880028,1,0,0,1,0,0,1,0,2,0,1,0,0,0,0,0
791,0,0,0.30724999999999997,0,0,0.3475536651219202,0,0,1,0,1,0,1,0,1,0,0,0,0,0,1,0
792,0,0,0.19475,0,0,0.5281013477114938,0,1,0,0,0,1,1,0,2,0,0,0,0,0,1,0
793,0,1,0.29474999999999996,8,2,0.682002570512027,0,0,1,0,0,1,0,10,7,0,0,0,0,0,1,0
794,0,0,0.34475,0,0,0.5537942554801266,1,0,0,1,0,0,1,0,1,0,0,0,0,0,1,0
795,0,0,0.30724999999999997,0,0,0.3502016019446998,0,0,1,0,0,1,1,0,1,0,0,0,0,0,1,0
796,0,0,0.48224999999999996,0,0,0.42286368807669106,0,1,0,0,0,1,1,0,1,0,0,0,0,0,1,0
797,1,1,0.60725,0,0,0.5276806297112894,1,0,0,0,0,1,1,0,1,0,0,0,1,0,0,0
798,1,1,0.38225,0,0,0.3637931129710871,0,0,1,0,0,1,1,0,1,0,0,0,0,0,1,0
799,0,0,0.36974999999999997,0,0,0.3377209927336551,0,0,1,1,0,0,1,0,1,0,0,0,0,0,1,0
800,0,1,0.36974999999999997,1,1,0.5167281848535599,0,0,1,0,0,1,0,2,3,0,0,0,0,0,1,0
801,0,0,0.41974999999999996,0,0,0.42286368807669106,0,1,0,0,0,1,1,0,2,0,0,0,0,0,1,0
802,1,1,0.38225,1,1,0.529578158664277,0,1,0,0,0,1,0,2,3,0,0,0,0,0,1,0
803,1,0,0.13225,1,2,0.7684432068211328,1,0,0,0,0,1,0,3,4,0,1,0,0,0,0,1
804,1,0,0.0,0,1,0.36101233552414425,0,0,1,1,0,0,0,1,1,0,0,0,0,0,1,1
805,1,0,0.33225,0,0,0.3326933414824967,0,0,1,0,0,1,1,0,1,0,0,0,0,0,1,0
806,0,0,0.38225,0,0,0.34801082050793586,0,0,1,0,0,1,1,0,1,0,0,0,0,0,1,0
807,0,0,0.48224999999999996,0,0,0.0,1,0,0,0,0,1,1,0,1,1,0,0,0,0,0,0
808,0,1,0.21974999999999997,0,0,0.34801082050793586,0,0,1,0,0,1,1,0,1,0,0,0,0,0,1,0
809,0,0,0.48224999999999996,0,0,0.42286368807669106,0,1,0,0,0,1,1,0,1,0,0,0,0,0,1,0
810,1,1,0.40725,1,0,0.6394627518675874,1,0,0,0,0,1,0,1,2,0,0,0,0,1,0,0
811,0,0,0.31975,0,0,0.3500520309667981,0,0,1,0,0,1,1,0,1,0,0,0,0,0,1,0
812,0,0,0.48224999999999996,0,0,0.5167281848535599,0,0,1,0,0,1,1,0,2,0,0,0,0,0,1,0
813,0,0,0.43224999999999997,0,0,0.39134423619738523,0,1,0,0,0,1,1,0,1,0,0,0,0,0,1,0
814,0,1,0.06975,4,2,0.556695873257052,0,0,1,0,0,1,0,6,7,0,0,0,0,0,1,0
815,0,0,0.376,0,0,0.35295528405484916,0,0,1,0,0,1,1,0,1,0,0,0,0,0,1,0
816,0,0,0.43224999999999997,0,0,0.0,1,0,0,0,0,1,1,0,1,0,1,0,0,0,0,0
817,0,1,0.28225,0,0,0.3507266966124076,0,0,1,0,0,1,1,0,1,0,0,0,0,0,1,0
818,0,0,0.38225,1,1,0.5828785214020847,0,1,0,1,0,0,0,2,2,0,0,0,0,0,1,0
819,0,0,0.53225,0,0,0.3217818660681474,0,0,1,0,0,1,1,0,1,0,0,0,0,0,1,0
820,0,0,0.11975,3,2,0.5389979395502239,0,0,1,0,0,1,0,5,6,0,0,0,0,0,1,1
821,1,1,0.6447499999999999,1,1,0.7288351336732733,1,0,0,0,0,1,0,2,2,0,1,0,0,0,0,0
822,1,0,0.33225,0,0,0.36344855811683735,0,0,1,0,0,1,1,0,1,0,0,0,0,0,1,0
823,0,0,0.46975,0,0,0.0,1,0,0,0,0,1,1,0,1,0,0,0,0,0,1,0
824,1,1,0.33225,0,1,0.4167393940590734,0,0,1,0,0,1,0,1,2,0,0,0,0,1,0,0
825,0,0,0.01975,4,1,0.5938102861020564,0,0,1,0,0,1,0,5,6,0,0,0,0,0,1,1
826,0,0,0.04475,0,0,0.33219025518505146,0,0,1,0,1,0,1,0,1,0,0,0,0,0,1,0
827,0,0,0.13225,0,0,0.6492173620225161,0,0,1,0,0,1,1,0,7,0,0,0,0,0,1,0
828,1,0,0.007250000000000001,0,2,0.5828785214020847,0,1,0,1,0,0,0,2,2,0,0,0,0,0,1,1
829,1,0,0.91975,0,0,0.3475536651219202,0,0,1,0,1,0,1,0,1,0,0,0,0,0,1,0
830,1,1,0.7697499999999999,0,0,0.7041351302819917,1,0,0,0,0,0,1,0,2,0,1,0,0,0,0,0
831,1,1,0.18225,1,0,0.4386984565615303,0,0,1,1,0,0,0,1,2,0,0,0,0,0,1,0
832,1,0,0.005124999999999999,1,1,0.47799919815831027,0,1,0,0,0,1,0,2,3,0,0,0,0,0,1,1
833,0,0,0.53225,0,0,0.3377209927336551,0,0,1,1,0,0,1,0,1,0,0,0,0,0,1,0
834,0,0,0.28225,0,0,0.3494505372759428,0,0,1,0,0,1,1,0,1,0,0,0,0,0,1,0
835,0,0,0.21974999999999997,0,0,0.35732157203759196,0,0,1,0,0,1,1,0,1,0,0,0,0,0,1,0
836,1,1,0.48224999999999996,1,1,0.710264100162358,1,0,0,1,0,0,0,2,1,0,0,0,0,1,0,0
837,0,0,0.25725,0,0,0.36344855811683735,0,0,1,0,0,1,1,0,1,0,0,0,0,0,1,0
838,0,0,0.16975,0,0,0.35295528405484916,0,0,1,0,0,1,1,0,1,0,0,0,0,0,1,0
839,1,0,0.39475,0,0,0.6492173620225161,0,0,1,0,0,1,1,0,7,0,0,0,0,0,1,0
840,1,0,0.33225,0,0,0.5486793783580444,1,0,0,1,0,0,1,0,1,0,0,1,0,0,0,0
841,0,0,0.24474999999999997,0,0,0.3507266966124076,0,0,1,0,0,1,1,0,1,0,0,0,0,0,1,0
842,0,0,0.19475,0,0,0.39134423619738523,0,1,0,0,0,1,1,0,2,0,0,0,0,0,1,0
843,1,1,0.36974999999999997,0,0,0.5553247552872788,1,0,0,1,0,0,1,0,2,0,0,0,0,0,1,0
844,0,0,0.426,0,0,0.3215127932020503,0,0,1,1,0,0,1,0,1,0,0,0,0,0,1,0
845,0,0,0.20725,0,0,0.36344855811683735,0,0,1,0,0,1,1,0,1,0,0,0,0,0,1,0
846,0,0,0.5197499999999999,0,0,0.34384869418471947,0,0,1,0,0,1,1,0,1,0,0,0,0,0,1,0
847,0,0,0.41974999999999996,8,2,0.682002570512027,0,0,1,0,0,1,0,10,7,0,0,0,0,0,1,0
848,0,0,0.43224999999999997,0,0,0.3502016019446998,0,0,1,1,0,0,1,0,1,0,0,0,0,0,1,0
849,0,0,0.34475,0,1,0.5650388114700938,0,1,0,0,0,1,0,1,3,0,0,0,0,0,1,0
850,1,1,0.66975,1,0,0.7212027531446068,1,0,0,1,0,0,0,1,2,0,0,1,0,0,0,0
851,0,0,0.04475,4,2,0.556695873257052,0,0,1,0,0,1,0,6,7,0,0,0,0,0,1,1
852,0,0,0.91975,0,0,0.34801082050793586,0,0,1,0,0,1,1,0,1,0,0,0,0,0,1,0
853,0,1,0.10725,1,1,0.44670266490621674,0,0,1,1,0,0,0,2,2,0,0,0,0,0,1,0
854,1,1,0.19475,0,1,0.5926740533018774,1,0,0,0,0,1,0,1,1,0,0,0,1,0,0,0
855,0,1,0.54475,1,0,0.5281013477114938,0,1,0,0,0,1,0,1,2,0,0,0,0,0,1,0
856,1,1,0.21974999999999997,0,1,0.37446202006332885,0,0,1,0,0,1,0,1,1,0,0,0,0,0,1,0
857,1,1,0.55725,1,1,0.8189796728879716,1,0,0,0,0,1,0,2,2,0,0,0,0,0,1,0
858,1,0,0.63225,0,0,0.5313325505056177,1,0,0,0,0,1,1,0,1,0,0,0,0,1,0,0
859,1,1,0.29474999999999996,0,3,0.4820708903996448,0,0,1,1,0,0,0,3,4,0,0,0,0,0,1,0
860,0,0,0.08225,0,0,0.3377209927336551,0,0,1,1,0,0,1,0,1,0,0,0,0,0,1,0
861,0,0,0.50725,2,0,0.4350713376474861,0,0,1,0,0,1,0,2,1,0,0,0,0,0,1,0
862,0,0,0.25725,1,0,0.40470470937773706,0,1,0,0,0,1,0,1,1,0,0,0,0,0,1,0
863,1,1,0.59475,0,0,0.5276806297112894,1,0,0,0,0,1,1,0,1,0,0,0,1,0,0,0
864,0,1,0.36974999999999997,8,2,0.682002570512027,0,0,1,0,0,1,0,10,7,0,0,0,0,0,1,0
865,0,0,0.29474999999999996,0,0,0.42286368807669106,0,1,0,0,0,1,1,0,1,0,0,0,0,0,1,0
866,1,1,0.5197499999999999,0,0,0.42286368807669106,0,1,0,0,0,1,1,0,1,0,0,0,0,0,1,0
867,1,1,0.33225,1,0,0.4323977515277898,0,1,0,1,0,0,0,1,1,0,0,0,0,0,1,0
868,0,0,0.38225,0,0,0.6315578346731876,1,0,0,0,0,1,1,0,1,1,0,0,0,0,0,0
869,0,0,0.33225,0,0,0.37676756853227744,0,0,1,0,0,1,1,0,1,0,0,0,0,0,1,0
870,1,0,0.04475,1,1,0.3999337912742492,0,0,1,0,0,1,0,2,3,0,0,0,0,0,1,1
871,0,0,0.31975,0,0,0.3502016019446998,0,0,1,0,0,1,1,0,1,0,0,0,0,0,1,0
872,1,1,0.5822499999999999,1,1,0.6378379970302275,1,0,0,0,0,1,0,2,2,0,0,0,1,0,0,0
873,0,0,0.40725,0,0,0.28709873362795363,1,0,0,0,0,1,1,0,1,0,1,0,0,0,0,0
874,0,0,0.5822499999999999,0,0,0.3689497812750522,0,0,1,0,0,1,1,0,1,0,0,0,0,0,1,0
875,1,1,0.34475,1,0,0.5157696604351928,0,1,0,1,0,0,0,1,2,0,0,0,0,0,1,0
876,1,1,0.18225,0,0,0.33763919258513786,0,0,1,1,0,0,1,0,1,0,0,0,0,0,1,0
877,0,0,0.24474999999999997,0,0,0.381959537799871,0,0,1,0,0,1,1,0,2,0,0,0,0,0,1,0
878,0,0,0.23224999999999998,0,0,0.3502016019446998,0,0,1,0,0,1,1,0,1,0,0,0,0,0,1,0
879,0,0,0.41974999999999996,0,0,0.3502016019446998,0,0,1,0,0,1,1,0,1,0,0,0,0,0,1,0
880,1,1,0.69475,0,1,0.710264100162358,1,0,0,1,0,0,0,1,2,0,0,1,0,0,0,0
881,1,1,0.30724999999999997,0,1,0.5281013477114938,0,1,0,0,0,1,0,1,2,0,0,0,0,0,1,0
882,0,0,0.40725,0,0,0.3502016019446998,0,0,1,0,0,1,1,0,1,0,0,0,0,0,1,0
883,0,1,0.26975,0,0,0.3915767533812693,0,0,1,0,0,1,1,0,1,0,0,0,0,0,1,0
884,0,0,0.34475,0,0,0.39134423619738523,0,1,0,0,0,1,1,0,1,0,0,0,0,0,1,0
885,0,0,0.30724999999999997,0,0,0.33419319194156843,0,0,1,0,0,1,1,0,1,0,0,0,0,0,1,0
886,0,1,0.48224999999999996,0,5,0.5456498136790771,0,0,1,0,1,0,0,5,5,0,0,0,0,0,1,0
887,0,0,0.33225,0,0,0.42286368807669106,0,1,0,0,0,1,1,0,1,0,0,0,0,0,1,0
888,1,1,0.23224999999999998,0,0,0.5502375707421462,1,0,0,0,0,1,1,0,1,0,1,0,0,0,0,0
889,0,1,0.28225,1,2,0.5122051830222119,0,0,1,0,0,1,0,3,2,0,0,0,0,0,1,0
890,1,0,0.31975,0,0,0.5502375707421462,1,0,0,1,0,0,1,0,1,0,0,1,0,0,0,0
891,0,0,0.39475,0,0,0.3475536651219202,0,0,1,0,1,0,1,0,1,0,0,0,0,0,1,0
